stack_size,position,hand,showdown,hand_rank,net,game_id
25,Big Blind,9s 2c,,,-0.25,18928007
24.75,Small Blind,5d 5h,,,1.13,18928007
25.88,Dealer,Ad Ah,Ah Ad 4h 4c Kc,Two pair,-23.75,18928007
2.13,UTG+2,2h Js,,,0,18928007
25,UTG+1,6h Kd,,,0,18928007
25,UTG,Js As,As Ac Kh Qh Js,One pair,6.98,18928007
31.98,Big Blind,3s 7h,,,0.10,
31.98,Big Blind,5c 8c,,,-0.25,18928008
31.73,Small Blind,Qd Qs,Qs Qd Qc Jh Jd,Full House,21.17,18928008
52.90,Dealer,9s 8h,,,-0.50,18928008
52.40,UTG+2,7s 3h,,,0,18928008
52.40,UTG+1,9c Kh,Th Tc 9h 9c Kh,Two pair,4.71,18928008
57.11,UTG,5h Qc,,,0,18928008
57.11,Big Blind,Jh Ks,,,-0.75,18928008
56.36,Small Blind,Js 2h,,,-0.10,18928008
56.26,Dealer,3d 9s,,,0,18928008
56.26,UTG+2,7h As,,,1.01,18928008
57.27,UTG+1,9d Qh,,,0,18928008
57.27,UTG,7c 6s,,,-0.75,18928008
56.52,Big Blind,Qd Ks,,,2.55,18928008
59.07,Small Blind,7h 6h,7h 7d Kd Qh 6h,One pair,1.33,18928008
60.40,Dealer,Qs 8s,,,-0.75,18928008
59.65,UTG+2,Tc 9c,,,0.35,18928008
60,UTG+1,Ah 4s,,,0,18928008
60,UTG,Js 9d,,,0,18928008
60,Big Blind,4d 9s,,,-0.25,18928008
59.75,Small Blind,6h 6s,Jh Jd 6s 6h Qd,Two pair,-12.94,18928008
46.81,Dealer,Jc Th,,,2.84,18928008
49.65,UTG+2,2d 6h,,,0,
25,Big Blind,9s 8c,,,1.20,18928009
26.20,Small Blind,Js Ad,7s 7h Ad Qd Js,One pair,0.03,18928009
26.23,Dealer,9s 3c,,,0,18928009
26.23,UTG+2,Ad Ac,,,0.35,18928009
26.58,UTG,7s 5c,,,0,18928009
26.58,Big Blind,Jh Ks,Ks Kd Qc Jh 9s,One pair,4.12,18928009
30.70,Small Blind,Jc 8d,,,-0.10,18928009
30.60,Dealer,Kh Tc,,,-0.50,18928009
30.10,UTG+2,Th Tc,Th Tc As Qc 6s,One pair,8.75,18928009
38.85,UTG,2c Jc,,,0,18928009
38.85,Big Blind,Ah Tc,,,1.11,18928009
39.96,Small Blind,7s 7c,,,1.13,18928009
41.09,Dealer,7c 8h,,,-2.06,18928009
39.03,UTG+1,Qh 2c,,,0,18928009
39.03,UTG+1,7s 7c,,,0.35,18928009
39.38,UTG,8c 5h,,,0,18928009
39.38,Big Blind,7d 4h,,,-0.25,18928009
39.13,Small Blind,2s Ad,6s 6h Ad Kh Jh,One pair,0.11,18928009
39.24,Dealer,5c 2d,,,0,18928009
39.24,UTG+2,9d Qh,,,0,18928009
39.24,UTG+1,Ad 5s,,,0,18928009
39.24,UTG,8h Kh,,,0.35,18928009
39.59,Big Blind,Ks Kh,,,0.72,18928009
40.31,Small Blind,9s 8s,,,1.13,18928009
41.44,Dealer,Kh 7c,,,0,18928009
41.44,UTG+2,7c 4h,,,0,18928009
41.44,UTG+1,9d Qd,,,0.90,18928009
42.34,UTG,Ac As,As Ac Qh Js 9s,One pair,25.02,18928009
67.36,Big Blind,3h 6h,7d 7c 3s 3h 6h,Two pair,0.63,18928009
67.99,Small Blind,8c 7s,,,-0.10,18928009
67.89,Dealer,8s 2c,,,0,18928009
67.89,UTG,Ts Ah,,,0.35,18928009
68.24,Big Blind,Ks 7s,3d 3c Ks 9h 7s,One pair,-0.63,18928009
67.61,Small Blind,8h 2c,,,-0.10,
25,Big Blind,6c 6d,,,-0.75,18928010
24.25,Small Blind,6d Jc,,,-0.10,18928010
24.15,Dealer,Ks 7c,,,0,18928010
24.15,UTG+2,9s 3c,,,0,18928010
24.15,UTG,Qd Ac,,,0.35,18928010
24.50,Big Blind,Ts 3c,Ad Kd Jh Ts 6c,High Card,-0.25,18928010
24.25,Small Blind,8s 6d,,,-0.10,18928010
24.15,Dealer,7d Js,,,0,18928010
24.15,UTG+1,2c 7h,,,0,18928010
24.15,UTG,2c 2h,,,-0.75,18928010
23.40,Big Blind,3h 6c,,,-0.25,18928010
23.15,Small Blind,9h 8h,,,-0.75,18928010
22.40,Dealer,2c 5d,,,0,18928010
22.40,UTG+2,Jh Ah,,,0,
25,Big Blind,Td 9c,,,-0.55,18928011
24.45,Small Blind,Ad Th,,,0.23,18928011
24.68,Dealer,6h 2h,,,0,18928011
24.68,UTG+2,3h 8d,,,0,18928011
24.68,UTG+1,4h 6d,,,0,18928011
24.68,UTG,Qs 7c,,,0,18928011
24.68,Big Blind,Kc 8h,,,-0.25,18928011
24.43,Small Blind,2s Js,,,-0.10,18928011
24.33,Dealer,8s Jh,,,0,18928011
24.33,UTG+2,Qd Tc,,,0,18928011
24.33,UTG+1,4c 2s,,,0,18928011
24.33,UTG,6s 8s,,,0,18928011
24.33,Big Blind,Ad 6c,,,0.10,18928011
24.43,Small Blind,Kh 9d,,,-0.10,18928011
24.33,Dealer,2d 5d,,,0.90,18928011
25.23,UTG,Ah Jh,,,-1.25,18928011
23.98,Big Blind,5c Th,Th Tc Ah Qs 9c,One pair,0.71,18928011
24.69,Small Blind,9d 8d,,,-1.00,18928011
23.69,Dealer,Th 9s,,,-0.75,18928011
22.94,UTG+2,Qh 4c,,,0,18928011
22.94,UTG+1,3d 8c,,,0,18928011
22.94,UTG,3h Ah,,,1.46,18928011
24.40,Big Blind,8d 9h,,,-0.25,18928011
24.15,Small Blind,Ks Jc,Js Jh Jc Ks Kd,Full House,1.44,18928011
25.59,Dealer,Jh 3d,,,0,18928011
25.59,UTG+2,Ks Tc,,,6.43,18928011
32.02,UTG+1,3s 2h,,,0,18928011
32.02,UTG,2c 4d,,,0,18928011
32.02,Big Blind,Qh 2h,2h 2d 2c Ah Qh,Three of a kind,17.46,18928011
49.48,Small Blind,7s Kd,,,-0.10,18928011
49.38,Dealer,5s 2s,,,0,18928011
49.38,UTG+2,7d 7s,7s 7d Kh Jc 6c,One pair,-3.74,18928011
45.64,UTG+1,Js 6d,,,0,18928011
45.64,UTG,Jc Ad,,,0.35,18928011
45.99,Big Blind,4h 9d,,,-0.25,18928011
45.74,Big Blind,Ts 6s,,,-0.25,18928011
45.49,Small Blind,4c 2s,,,-0.10,18928011
45.39,Dealer,7d Ts,,,0,18928011
45.39,UTG+1,Kh 5c,,,0,18928011
45.39,UTG+1,Ks 3s,,,-2.76,18928011
42.63,UTG,2d 6c,,,0,18928011
42.63,Big Blind,7c Ac,,,0.75,18928011
43.38,Small Blind,7c 9s,,,-0.10,18928011
43.28,Dealer,Kh 5d,,,0,18928011
43.28,UTG+2,Th 6h,,,0,18928011
43.28,UTG+1,4c Th,,,0,18928011
43.28,UTG,3c Jc,,,0,18928011
43.28,Big Blind,Kd Qh,,,-1.50,18928011
41.78,Small Blind,7d 4h,,,-0.10,18928011
41.68,Dealer,4s Jd,,,0,18928011
41.68,UTG+2,Ts Jc,,,0,
22.40,Big Blind,Td Qs,,,-0.25,18928012
22.15,Small Blind,3s Qd,,,-0.10,18928012
22.05,Dealer,Kc 3c,,,-0.75,18928012
21.30,UTG+1,6s 9s,,,4.29,18928012
25.59,UTG+1,7h 2d,,,0,18928012
25.59,UTG,Kc 3s,,,0,18928012
25.59,Big Blind,5d 6c,,,-0.25,18928012
25.34,Small Blind,Ts 4s,,,-0.10,18928012
25.24,Dealer,5h Td,,,0,18928012
25.24,UTG+1,4s 4c,,,-0.75,18928012
24.49,UTG,5s Ah,,,0,18928012
24.49,Big Blind,6h Ah,,,0.10,18928012
24.59,Small Blind,Ks 8d,,,-0.10,18928012
24.49,Dealer,Ad 3d,,,1.72,18928012
26.21,UTG+1,2c 5s,,,0,18928012
26.21,UTG,2s 3d,,,0,18928012
26.21,Big Blind,Tc 7s,,,-0.25,18928012
25.96,Small Blind,Qd 9h,,,-0.10,18928012
25.86,Dealer,5h Qd,,,0,18928012
25.86,UTG+1,9h 9c,,,0.35,18928012
26.21,UTG+1,5h 2c,,,0,18928012
26.21,UTG,Kc 7h,,,0,18928012
26.21,Big Blind,2h 4s,,,-0.25,18928012
25.96,Small Blind,3h Ac,,,-0.25,18928012
25.71,Dealer,5h 2c,,,0,18928012
25.71,UTG+2,8d Ah,,,0.35,18928012
26.06,UTG+1,2h 6h,,,0,18928012
26.06,UTG,6d Qd,,,0,18928012
26.06,Big Blind,Th 6d,,,0.10,18928012
26.16,Small Blind,5d Ah,,,1.15,18928012
27.31,Dealer,3d 6c,,,0,18928012
27.31,Big Blind,6h Ks,,,-0.25,18928012
27.06,Small Blind,2s 2d,,,5.42,18928012
32.48,Dealer,8d Tc,,,0,18928012
32.48,UTG+2,Ad Kc,,,0.98,18928012
33.46,UTG+1,Ts Th,,,-2.25,18928012
31.21,UTG,8d 8c,,,0.35,18928012
31.56,Big Blind,4c 5c,,,2.26,18928012
33.82,Small Blind,9s 5d,,,-0.10,18928012
33.72,Dealer,Js 6s,,,0,18928012
33.72,UTG+2,7s 9c,,,0,18928012
33.72,UTG+1,Jh Th,,,-3.85,18928012
29.87,Big Blind,5d Qs,,,-0.25,18928012
29.62,Small Blind,6c 5c,,,-12.88,18928012
16.74,Dealer,4d 2s,,,0,18928012
16.74,UTG+2,8h 3d,,,0,18928012
16.74,UTG+1,As Ad,As Ad 6s 6h Qd,Two pair,15.40,18928012
32.14,UTG,8c Jd,,,0,18928012
32.14,Big Blind,9s Ts,,,1.39,18928012
33.53,Small Blind,Ah Ks,Ah Ad Ks Jd 9h,One pair,11.39,18928012
44.92,Dealer,7c 8c,,,0.35,18928012
45.27,UTG+1,Jc Qh,,,-2.26,
41.68,Big Blind,7d Ts,7h 7d 4s 4h Ts,Two pair,-1.06,18928013
40.62,Small Blind,2d Qc,,,-0.10,
43.01,Big Blind,4s Jh,,,-8.44,18928014
34.57,Small Blind,Th Jd,Kh Kd Jh Jd Th,Two pair,-2.63,18928014
31.94,Dealer,Ac 5s,,,0,
25,Big Blind,7d Kd,Kd Kc Qc Jh 7d,One pair,3.98,18928015
28.98,Small Blind,4d 6c,,,-0.10,18928015
28.88,Dealer,9s Ac,4s 4d Ac Kh 9s,One pair,1.46,18928015
30.34,UTG+2,7s Kc,,,0,18928015
30.34,UTG+1,Ts 2s,,,0,18928015
30.34,UTG,7h Tc,,,0,18928015
30.34,Big Blind,Qc Kd,6s 6h Kd Qc 4s,One pair,-0.75,18928015
29.59,Small Blind,Ah 4c,,,-0.10,
25,Big Blind,Ks Kc,,,1.50,18928016
26.50,Small Blind,Qs 5d,,,-0.10,18928016
26.40,Dealer,Ts 7d,,,0,18928016
26.40,UTG+2,2s 9d,,,0,18928016
26.40,UTG+1,6h 3s,,,0,18928016
26.40,UTG,4c 5d,,,0,18928016
26.40,Big Blind,3c 7h,3h 3c Js Td 8d,One pair,-1.60,18928016
24.80,Small Blind,6d 9c,,,-0.10,18928016
24.70,Dealer,3s 6c,,,0,18928016
24.70,UTG+2,7c 7d,,,-0.99,18928016
23.71,UTG+1,9d Ah,,,0.35,18928016
24.06,UTG,Qd As,As Qd Jh 7h 5d,High Card,-20.73,18928016
3.33,Big Blind,7s Td,,,-0.25,18928016
25,Small Blind,4h Jd,,,-0.10,18928016
24.90,Dealer,9h 3s,,,0,18928016
24.90,UTG+2,Kd 4s,,,0,18928016
24.90,UTG+1,6h 7c,,,0,
25,Big Blind,Ad Ah,,,1.46,18928017
26.46,Small Blind,2h 4h,,,-0.10,18928017
26.36,Dealer,9h Qh,,,1.46,18928017
27.82,UTG+1,9s 8s,,,0.35,18928017
28.17,UTG,5d 6c,,,0,18928017
28.17,Big Blind,4d 8h,,,-0.25,18928017
27.92,Small Blind,9c 5s,,,-0.10,18928017
27.82,Dealer,6h 6c,,,2.34,18928017
30.16,UTG+2,Jd 4d,,,0,18928017
30.16,UTG,9d 3s,,,0,18928017
30.16,Big Blind,4c 8c,As Ah 8d 8c Qh,Two pair,1.80,18928017
31.96,Small Blind,Qh 4c,,,-0.10,18928017
31.86,Dealer,Jd 7h,,,0,18928017
31.86,UTG+1,3s Tc,,,0,18928017
31.86,UTG,Ts 7d,,,0,18928017
31.86,Big Blind,5c As,,,-0.75,18928017
31.11,Small Blind,9c 2h,,,-0.10,18928017
31.01,Dealer,Js Ah,As Ah Js 9d 8d,One pair,4.23,18928017
35.24,UTG+2,3s Qs,,,-0.50,18928017
34.74,UTG+1,Ad Tc,,,-1.46,18928017
33.28,UTG,4h 4d,,,-4.54,18928017
28.74,Big Blind,6s Js,,,-7.00,18928017
21.74,Small Blind,3h Kd,,,-0.10,18928017
21.64,Dealer,7c 8d,,,0,18928017
21.64,UTG+2,3h 3c,,,1.80,18928017
23.44,UTG+1,Ks 2d,,,0,18928017
23.44,UTG,2c Qh,,,0,18928017
23.44,Big Blind,4h 9d,,,-0.25,18928017
23.19,Small Blind,Ts 3c,,,-0.10,18928017
23.09,Dealer,2s 3d,,,0,18928017
23.09,UTG+1,9s 3h,,,0,18928017
23.09,UTG,As 4d,,,0,18928017
23.09,Big Blind,8h Ts,,,0.45,18928017
23.54,Small Blind,8c Jc,,,0.93,18928017
24.47,Dealer,5h 7h,,,-10.89,18928017
13.58,UTG+1,8h 6h,6s 6h Ks 8h 7d,One pair,1.46,18928017
15.04,UTG,Jc Kh,Kh Qc Jc Tc 9c,Straight,13.78,18928017
28.82,Big Blind,Ah Qh,Ah Kc Qh Js Ts,Straight,-2.20,18928017
26.62,Small Blind,Jh Kh,9h 8s 7s 6c 5h,Straight,-0.20,18928017
26.42,Dealer,Ts 2c,,,0,18928017
26.42,UTG+1,3h 3s,,,-1.25,18928017
25.17,Big Blind,Td 6h,,,-0.25,
25,Big Blind,7c Js,Js Jc Qs 7c 6h,One pair,0.32,18928018
25.32,Small Blind,8d Qs,,,0.55,18928018
25.87,Dealer,2d 7c,,,0,18928018
25.87,UTG,4d Kc,,,0,18928018
25.87,Big Blind,3s 4c,,,-0.25,18928018
25.62,Small Blind,Kd 2h,,,-0.10,18928018
25.52,Dealer,Kc 8d,Ks Kd Kc Qc 8d,Three of a kind,-7.50,18928018
18.02,UTG+1,7s 9s,,,1.01,18928018
19.03,UTG,2s Qs,,,-0.25,18928018
18.78,Big Blind,8s 7d,,,-0.25,18928018
18.53,Small Blind,3h 4s,,,-0.10,18928018
18.43,Dealer,2h Kc,,,0,18928018
18.43,UTG+1,Tc Jd,,,-0.50,18928018
17.93,UTG,7d 6s,,,0,18928018
17.93,Big Blind,7h 8s,,,-0.25,18928018
17.68,Small Blind,6s Kc,,,-0.10,18928018
17.58,Dealer,2s Ks,,,4.99,18928018
22.57,UTG+1,7h 7c,9s 9h 7h 7c As,Two pair,16.51,18928018
39.08,UTG+1,2s Ac,,,0,18928018
39.08,UTG,Qc 5s,,,0,18928018
39.08,Big Blind,7c 9s,,,1.47,18928018
40.55,Small Blind,5s 2s,5s 5d Kh Qd 8c,One pair,0.47,18928018
41.02,Dealer,4h Td,,,0,18928018
41.02,UTG,4c Qd,,,0,18928018
41.02,Big Blind,9c 2s,8s 8d 2s 2h Kc,Two pair,0.10,18928018
41.12,Small Blind,9h 7s,,,-0.10,18928018
41.02,Dealer,Ah 2c,,,2.05,18928018
43.07,UTG+1,3d Jh,,,0,18928018
43.07,Big Blind,Th 6d,,,-0.25,18928018
42.82,Big Blind,6d 5d,9d 8s 7d 6d 5d,Straight,5.96,18928018
48.78,Small Blind,5s 4c,,,-0.10,18928018
48.68,Dealer,9s 9c,Ks Ts 9s 4s 3s,Flush,5.84,18928018
54.52,UTG+2,2c Kh,,,0,18928018
54.52,UTG+1,4c 2h,,,0,18928018
54.52,UTG,4s 9c,,,0,
25,Big Blind,6s 4s,4s 4d 4c Qh Jc,Three of a kind,1.10,18928019
26.10,Small Blind,2d Th,,,-0.10,18928019
26,Dealer,9s Ad,,,1.47,18928019
27.47,UTG+2,Td 3h,,,0,18928019
27.47,UTG+1,9s 5s,,,0,18928019
27.47,UTG,4d Tc,,,0,18928019
27.47,Big Blind,7h Qh,,,-0.85,18928019
26.62,Big Blind,4d Jc,,,-0.25,18928019
26.37,Small Blind,5s Kc,,,-0.10,18928019
26.27,Dealer,7h 4c,,,0,18928019
26.27,UTG+2,7c 5d,,,0,18928019
26.27,UTG+1,6d 6s,6s 6d 9d 8h 4c,One pair,-6.73,18928019
19.54,UTG,Qd As,As Ad Qd Qc Td,Two pair,-0.09,18928019
19.45,Big Blind,6s Th,9s 9c Kc Th 6s,One pair,0.04,18928019
19.49,Small Blind,4d Js,,,-0.10,18928019
19.39,Dealer,Th Js,,,0.60,18928019
19.99,UTG+1,9c Jh,,,2.98,18928019
22.97,UTG,5h 6c,,,0,18928019
22.97,Big Blind,7c 7s,,,-2.89,18928019
20.08,Small Blind,2d 2s,,,-0.75,18928019
19.33,Dealer,Jc Kh,,,-1.75,18928019
17.58,UTG+2,2h 3h,,,7.92,18928019
25.50,UTG+1,5d 2d,,,0,18928019
25.50,UTG,4s Ah,,,0,18928019
25.50,Big Blind,6c Jc,Kc Jc Tc 6c 3c,Flush,-5.43,18928019
20.07,Small Blind,4s Th,,,-0.10,18928019
19.97,Dealer,2d Td,,,0,18928019
19.97,UTG,Ah Qc,Ah Qc 9s 7h 6s,High Card,-6.58,18928019
13.39,UTG,Kc 7s,,,0,18928019
13.39,UTG,2h As,,,0,18928019
13.39,Big Blind,9d 4s,,,-0.25,18928019
13.14,Small Blind,9h 6d,,,-0.10,18928019
13.04,Dealer,3d 2s,,,0,18928019
13.04,UTG+2,5c 7h,,,0,18928019
13.04,UTG+1,7h 5s,,,0,18928019
13.04,UTG,Qs Ks,,,2.55,18928019
15.59,Big Blind,Qh Ks,Qs Qh Ks Jd 7d,One pair,0.68,18928019
16.27,Small Blind,9c 5d,,,-0.10,18928019
16.17,Dealer,As Ah,As Ah Jc 8d 7h,One pair,-6.41,18928019
9.76,UTG+1,Kh 7h,,,0.60,18928019
10.36,UTG,6c Jh,,,0,18928019
10.36,Big Blind,5d Kh,,,-0.25,18928019
10.11,Small Blind,Jd 7h,,,-0.10,18928019
10.01,Dealer,Qs Qd,Qs Qd Qc 7s 7c,Full House,15.11,18928019
25.12,UTG,8d Ts,,,0,18928019
25.12,Big Blind,3s Th,,,-0.25,18928019
24.87,Small Blind,8s 9d,,,-0.10,18928019
24.77,Dealer,2d Qh,,,0,18928019
24.77,UTG+2,As 4c,,,-0.75,18928019
24.02,UTG+1,8d 4d,,,0,18928019
24.02,UTG,Qs Qc,,,0.77,
25,Big Blind,9h 7d,,,-0.25,18928020
24.75,Small Blind,3c 9s,,,-0.10,18928020
24.65,Dealer,Kc 7h,,,0,18928020
24.65,UTG+1,3d Qc,,,0,18928020
24.65,UTG,Jc Tc,,,2.43,18928020
27.08,Big Blind,8d Ts,,,-0.25,18928020
26.83,Small Blind,2d 9d,,,-0.10,18928020
26.73,Dealer,Ts Kh,Kh Kd Qh Qc Ts,Two pair,17.15,18928020
43.88,UTG+2,5c 9h,,,0,18928020
43.88,UTG+1,7s 3c,,,0,18928020
43.88,UTG,3s 6d,,,0,18928020
43.88,Big Blind,6c 2d,,,-0.25,18928020
43.63,Small Blind,Ks 9d,,,-0.10,18928020
43.53,Dealer,Ts 5s,,,-2,18928020
41.53,UTG+2,Kd 8s,,,0,18928020
41.53,UTG+1,3s 3h,,,-1,18928020
40.53,UTG,8s 4s,,,0,18928020
40.53,Big Blind,Js 6c,,,-0.25,18928020
40.28,Small Blind,Ks Js,,,-3.87,18928020
36.41,Dealer,6h Td,,,0,18928020
36.41,UTG+2,Qc Th,,,-2.18,18928020
34.23,UTG+1,6s 8h,,,0,18928020
34.23,UTG,6d 8h,,,0,18928020
34.23,Big Blind,2h Js,,,-0.25,18928020
33.98,Small Blind,Ad 5s,,,-0.10,18928020
33.88,Dealer,Ad 7h,,,0,18928020
33.88,UTG+2,Qc Qs,Qs Qc 9s 9d 8c,Two pair,-10.53,18928020
23.35,UTG+1,As 8c,,,1.14,18928020
24.49,UTG,Ad 6s,,,0,18928020
24.49,Big Blind,Ks Qh,,,-1.75,18928020
22.74,Small Blind,Kd 4s,,,-0.10,18928020
22.64,Dealer,Td 8h,,,0,18928020
22.64,UTG+2,4c 9d,,,0,18928020
22.64,UTG+1,2h Jd,,,0,18928020
22.64,UTG,Qc 6h,,,0,18928020
22.64,Big Blind,Tc 4s,,,-0.25,18928020
22.39,Small Blind,8d Qh,,,-0.10,18928020
22.29,Dealer,9c Tc,,,-5.03,18928020
17.26,UTG+2,8d Th,,,0,18928020
17.26,UTG+1,Ad 5c,,,2.50,18928020
19.76,UTG,Qd Qs,Qs Qd Ts 9c 8s,One pair,18.12,18928020
37.88,Big Blind,9c Qh,,,-0.25,18928020
37.63,Small Blind,6d Kc,,,-0.10,18928020
37.53,Dealer,8d Ks,,,0,18928020
37.53,UTG+2,Qs 5c,,,0,18928020
37.53,UTG,Qs 7h,,,0,18928020
37.53,Big Blind,Th 7h,,,-0.25,18928020
37.28,Small Blind,8s 4c,,,-0.10,18928020
37.18,Dealer,2c 2s,,,-0.75,18928020
36.43,UTG+2,Ah 8c,,,0.35,18928020
36.78,UTG+1,7s 7d,,,3.80,18928020
40.58,UTG,Ah 5d,,,0.32,18928020
40.90,Big Blind,Tc 7s,,,-0.25,18928020
40.65,Small Blind,Kd Qh,,,-0.10,18928020
40.55,Dealer,Kc Td,,,-1.51,18928020
39.04,UTG+2,Ks Jc,Ks Kc Jd Jc Th,Two pair,11.64,18928020
50.68,UTG+1,2s Kh,,,0,18928020
50.68,UTG,Js 8c,,,0,18928020
50.68,Big Blind,Js 2s,,,-0.25,18928020
50.43,Small Blind,7c 9s,,,-0.10,18928020
50.33,Dealer,Js 7d,,,0,18928020
50.33,UTG+2,6h 3s,,,0,18928020
50.33,UTG+1,3d 7d,,,0,18928020
50.33,UTG,Ac 4d,,,0,18928020
50.33,Big Blind,8c Kh,,,-0.25,18928020
50.08,Small Blind,Ts Kh,,,-0.75,18928020
49.33,Dealer,3s 5h,,,0,18928020
49.33,UTG+2,Kh 7c,,,0,18928020
49.33,UTG+1,Ac 3c,,,2.32,18928020
51.65,UTG,Th Qs,,,-0.75,18928020
50.90,Big Blind,9d Kd,Js Jd 9s 9d Kd,Two pair,-2.27,18928020
48.63,Small Blind,5s Kd,,,-0.10,18928020
48.53,Dealer,4c 7s,,,0,18928020
48.53,UTG+2,4d 8d,,,0,18928020
48.53,UTG+1,2h 8s,,,0,18928020
48.53,UTG,8s 9d,,,0,
25,Dealer,9s As,As Ad 9s 9d Jd,Two pair,4.82,18928021
29.82,Big Blind,Ah 9d,,,-0.75,18928021
29.07,Small Blind,Td 7h,,,-0.10,18928021
28.97,Dealer,9d Qh,,,0,18928021
28.97,UTG+2,7h Td,,,0,18928021
28.97,UTG+1,6c Jc,,,0,18928021
28.97,UTG,Kh Ks,Ks Kh Tc 8c 4c,One pair,7.09,18928021
36.06,Big Blind,Tc 4h,,,-0.25,18928021
35.81,Small Blind,4c Kh,,,-0.10,18928021
35.71,Dealer,Kc 7h,,,0,18928021
35.71,UTG+2,6d 7c,,,0,18928021
35.71,UTG+1,Ah 8d,,,0,18928021
35.71,UTG,9d 9h,,,-2.50,18928021
33.21,Big Blind,7h 4s,,,-0.25,18928021
32.96,Small Blind,5c 8d,,,-0.10,18928021
32.86,Dealer,9c Ac,9d 9c 4s 4d Ac,Two pair,-12.08,18928021
20.78,UTG+2,2h 5s,,,0,18928021
20.78,UTG,4h Tc,,,0,18928021
20.78,Big Blind,Ks Kd,Ks Kh Kd Kc 6h,Four of a kind,10.35,18928021
31.13,Small Blind,3d 3s,3s 3d Kc Th 7h,One pair,1.63,18928021
32.76,Dealer,7s Ah,,,1.46,18928021
34.22,UTG+2,6c 9s,,,0,18928021
34.22,UTG+1,Kh 3s,,,0,18928021
34.22,UTG,Kh 4h,Kh Qs Js 6c 5c,High Card,-0.25,18928021
33.97,Big Blind,3h 9c,Ts Th Ah Kc 9c,One pair,0.32,18928021
34.29,Small Blind,5h 6s,,,-0.10,18928021
34.19,Dealer,Jd 2c,,,0,18928021
34.19,UTG+1,Ts Tc,,,2.80,18928021
36.99,UTG+1,Jc 4h,,,0,18928021
36.99,UTG,6s Ad,,,0,18928021
36.99,Big Blind,Js Kd,,,2.78,18928021
39.77,Small Blind,4s Ah,,,-0.25,18928021
39.52,Dealer,Ah As,,,18.76,18928021
58.28,UTG+2,9d As,,,-1.59,18928021
56.69,UTG+1,4h 6d,,,0,18928021
56.69,UTG,Qd 5c,,,0,18928021
56.69,Big Blind,9h 7h,,,-0.50,18928021
56.19,Small Blind,3c 5d,,,-0.10,18928021
56.09,Dealer,2d 5s,,,0,18928021
56.09,UTG+2,3h Ad,,,0,18928021
56.09,UTG+1,3h 8s,,,0,18928021
56.09,UTG,8s 9d,,,0,18928021
56.09,Big Blind,4c Ks,,,-0.25,18928021
55.84,Small Blind,7d 4s,,,-0.10,18928021
55.74,Dealer,Qh Ah,7s 7c Ah Qh 9d,One pair,-5.58,18928021
50.16,UTG+2,Js 6c,,,0,18928021
50.16,UTG+1,5c Td,,,0,18928021
50.16,UTG,Qs 5d,,,0,18928021
50.16,Big Blind,9c 9d,9d 9c Jc Td 8c,One pair,-20.62,18928021
29.54,Small Blind,Ts 5c,,,-0.10,18928021
29.44,Dealer,2d 7d,,,0,18928021
29.44,UTG+2,3d 6c,,,0,18928021
29.44,UTG+1,Qs 4d,,,0,18928021
29.44,UTG,8h 8c,,,1.01,18928021
30.45,Big Blind,4h 8s,,,-0.25,18928021
30.20,Small Blind,6h Td,,,-0.10,18928021
30.10,Dealer,Ad 7c,,,0,18928021
30.10,UTG+2,3h 7c,,,0,18928021
30.10,UTG+1,Ah 5h,,,0.35,18928021
30.45,UTG,9s 4c,,,0,18928021
30.45,Big Blind,6d 8d,,,-0.75,18928021
29.70,Small Blind,Ts Qs,Ts Th Ac Qs 9c,One pair,-14.55,18928021
15.15,Dealer,7c Jc,7h 7c Jc Th 9c,One pair,-3.75,18928021
11.40,UTG+1,6d Ac,,,0,18928021
11.40,UTG,Ts 6s,,,0,18928021
11.40,Big Blind,4d 4c,,,-1.28,18928021
10.12,Small Blind,4d Qs,,,-0.10,18928021
10.02,Dealer,9s Td,,,-0.25,18928021
9.77,UTG+1,2s 6d,,,0,18928021
9.77,UTG+1,9h 6s,,,0,18928021
9.77,UTG,9c Kc,,,-0.75,18928021
9.02,Big Blind,7h Tc,,,-0.25,18928021
8.77,Small Blind,9s 6s,,,-0.10,18928021
25,Dealer,7c As,,,-1.47,18928021
23.53,UTG+2,Kc As,,,1.75,18928021
25.28,UTG+1,Th 3c,,,0,18928021
25.28,UTG,Tc 3c,,,0,18928021
25.28,Big Blind,6c As,,,-0.25,18928021
25.03,Small Blind,8s 5s,,,-0.10,18928021
24.93,Dealer,2c 9c,,,0,18928021
24.93,UTG+2,6c 8c,,,0,18928021
24.93,UTG+1,Kd 4c,,,0,18928021
24.93,UTG,6c 6h,,,0.35,18928021
25.28,Big Blind,As 2s,,,1.01,18928021
26.29,Small Blind,Ad 2c,,,-0.10,18928021
26.19,Dealer,Jh 5d,,,0,18928021
26.19,UTG+2,Ac Ks,As Ac Qs Qc Ks,Two pair,-7.25,18928021
18.94,UTG+1,Qs Jc,Jh Jc 4d 4c Kd,Two pair,-2.18,18928021
16.76,UTG,Jc 7c,,,-1.50,18928021
15.26,Big Blind,6h As,,,-0.25,18928021
15.01,Small Blind,Tc 6h,,,-0.10,18928021
14.91,Dealer,5c Jh,,,0,18928021
14.91,UTG+2,9h 6d,,,0,18928021
14.91,UTG+1,9s 7h,,,0,18928021
14.91,UTG,6s Ah,,,0,18928021
14.91,Big Blind,2s 6s,,,0.32,18928021
15.23,Small Blind,2h Ad,,,-0.10,18928021
15.13,Dealer,9c Ts,,,-0.25,18928021
14.88,UTG+2,2s 8h,,,0,18928021
14.88,UTG+1,2h 5h,,,0,18928021
14.88,UTG,Jc 2h,,,0,18928021
14.88,Big Blind,Jd 6h,,,-0.25,18928021
14.63,Small Blind,2c 3s,,,-0.10,18928021
14.53,Dealer,6h 4c,,,0,18928021
14.53,UTG+2,8d 3h,,,0,18928021
14.53,UTG+1,3h As,,,0,18928021
14.53,UTG,Qc Kc,,,0.35,18928021
14.88,Big Blind,Ac Ad,,,0.10,18928021
14.98,Small Blind,3d 8c,,,-0.10,18928021
14.88,Dealer,As Ac,,,1.10,18928021
15.98,UTG+2,Qh 2s,,,0,18928021
15.98,UTG+1,Jc Ts,,,0.35,18928021
16.33,UTG,9d 2s,,,0,18928021
16.33,Big Blind,Qh Ad,Ad Td 7d 4d 3d,Flush,7.66,18928021
23.99,Small Blind,Ks 2d,,,-0.10,18928021
23.89,Dealer,9s Ah,,,-0.75,18928021
23.14,UTG+2,5s 4d,,,0,18928021
23.14,UTG+1,5c 5h,,,-2.29,18928021
20.85,UTG,5c 8c,,,0,18928021
20.85,Big Blind,8h Jd,Jh Jd 8h 8c Ac,Two pair,3.44,18928021
24.29,Small Blind,4c 7c,,,-0.10,18928021
24.19,Dealer,3d 6s,,,0,18928021
24.19,UTG+2,7d Kd,,,-0.75,18928021
23.44,UTG+1,5c Th,,,0,18928021
23.44,UTG,Ad 7s,,,0,18928021
23.44,Big Blind,Qh 6h,,,-0.50,18928021
22.94,Small Blind,Js 3s,,,-0.10,
25,Big Blind,Th Jc,,,-1.25,18928022
23.75,Small Blind,As Qs,,,0.88,18928022
24.63,Dealer,4d Td,,,0,18928022
24.63,UTG+2,8h 9c,,,0,18928022
24.63,UTG+1,6h 3s,,,0,18928022
24.63,UTG,6c Td,,,0,18928022
24.63,Big Blind,6s Tc,,,-0.25,18928022
24.38,Small Blind,Th Tc,,,6.04,18928022
30.42,Dealer,6s Kc,,,0,18928022
30.42,UTG+2,Qc 7d,,,0,18928022
30.42,UTG+1,Kh 9s,,,-0.75,18928022
29.67,UTG,Kh Kc,,,0.35,18928022
30.02,Big Blind,4d Qc,,,-0.25,18928022
29.77,Small Blind,Ts Jd,Ts Tc 3s 3h Jd,Two pair,-18.33,18928022
11.44,Dealer,2c Kd,,,0,18928022
11.44,UTG+2,Qh 8d,,,0,18928022
11.44,UTG,9h 2h,,,0,18928022
11.44,Big Blind,Jd Tc,,,1.58,18928022
13.02,Small Blind,Th 2d,,,-0.10,18928022
12.92,Dealer,3s 7c,,,0,18928022
12.92,UTG+1,9c 6c,,,0.35,18928022
13.27,UTG,4d Tc,,,0,18928022
13.27,Big Blind,Jh 3c,,,-0.25,18928022
13.02,Small Blind,5d 3s,,,-0.10,18928022
12.92,Dealer,2s Ks,,,-0.75,18928022
12.17,UTG+1,Js 7c,,,0,18928022
12.17,UTG,4d 2s,,,0,18928022
12.17,Big Blind,4c 2s,,,0.32,18928022
12.49,Small Blind,Ts 6d,,,-0.10,18928022
12.39,Dealer,4h Qc,,,0,18928022
12.39,UTG+2,Jc 4s,,,0,18928022
12.39,UTG+1,6c Qc,,,0,18928022
12.39,UTG,Ad Jd,Ks Kh Ad Jd 8h,One pair,-12.39,18928022
25,Big Blind,5d 9c,,,-0.25,18928022
24.75,Small Blind,As 4c,,,-0.75,18928022
24,Dealer,Ks 4h,,,0,18928022
24,UTG+2,7h Ah,,,0.35,18928022
24.35,UTG+1,4c Kd,,,0,18928022
24.35,UTG,Ah 5h,,,-0.75,18928022
23.60,Big Blind,3c 8s,,,-0.25,18928022
23.35,Small Blind,Ac 6s,,,-0.10,18928022
23.25,Dealer,Ac 5c,,,-6.50,18928022
16.75,UTG+2,7d Ac,,,0,18928022
16.75,UTG+1,2s Jc,,,0,18928022
16.75,UTG,Ks 4d,,,0,18928022
16.75,Big Blind,3d 7c,,,-0.25,18928022
16.50,Small Blind,6d Kd,Ts Td Tc 2s 2d,Full House,0.09,18928022
16.59,Dealer,Kh 7s,,,0,18928022
16.59,UTG+2,Ah 4c,,,0,18928022
16.59,UTG+1,3d 8s,,,0,18928022
16.59,UTG,Jh Tc,,,0.35,18928022
16.94,Big Blind,4h Js,,,-0.25,18928022
16.69,Small Blind,4c 9h,,,-0.10,18928022
16.59,Dealer,Qc Jc,,,0.35,18928022
16.94,UTG+2,9s Qh,,,0,18928022
16.94,UTG+1,7h 9h,,,0,18928022
16.94,Big Blind,Td 3d,,,-0.25,18928022
16.69,Small Blind,Jc Kd,,,-3.82,18928022
12.87,Dealer,8s As,,,-1.99,18928022
10.88,UTG+2,3h 5d,,,0,18928022
25,UTG+1,6d Qs,,,0,18928022
25,UTG,3h 5d,,,0,18928022
25,Big Blind,Qc 2d,,,-0.25,18928022
24.75,Small Blind,Js Tc,,,0.25,18928022
25,Dealer,6h 3c,,,0,18928022
25,UTG+2,Js 2s,,,0,18928022
25,UTG+1,Kh 8d,,,0,18928022
25,UTG,Qc 9h,,,0,18928022
25,Big Blind,7c Qc,9s 9h 9c 7s 7c,Full House,3.16,18928022
28.16,Small Blind,Jc 3c,,,-0.10,18928022
28.06,Dealer,4h Jd,,,0,18928022
28.06,UTG+1,7h 9s,,,0,18928022
28.06,UTG,Kd 8c,,,0,18928022
28.06,Big Blind,Qh Jd,,,1.21,18928022
29.27,Small Blind,Jc 8d,,,-0.10,18928022
29.17,Dealer,8s 9d,,,-2.61,18928022
26.56,UTG+2,4d Kh,,,0,18928022
26.56,UTG+1,5h 3h,5h 5c Jd Td 7h,One pair,1.80,18928022
28.36,Big Blind,Ts 7d,,,0.71,18928022
29.07,Small Blind,Qs Ad,,,0.25,18928022
29.32,Dealer,4c 4s,,,-3.39,18928022
25.93,UTG+2,4d Jh,,,0,18928022
25.93,UTG+1,Kd 7h,,,0,18928022
25.93,UTG,Qd 9h,,,0,18928022
25.93,Big Blind,2d Kc,,,0.10,18928022
26.03,Small Blind,4h As,,,-0.10,18928022
25.93,Dealer,2c Kc,,,0,18928022
25.93,UTG+2,Td 7h,,,0,18928022
25.93,UTG+1,9h 5h,,,0,18928022
25.93,UTG,Th Jh,Ad Qc Jh Th 8s,High Card,-3.05,18928022
22.88,Big Blind,4h 9c,,,-0.25,18928022
22.63,Small Blind,Td 2s,,,-0.10,18928022
22.53,Dealer,6c 4s,,,0,18928022
22.53,UTG+1,9c 7h,,,0,18928022
22.53,UTG,3h 6d,,,0,18928022
22.53,Big Blind,Qd 3s,,,-0.25,18928022
22.28,Small Blind,3h Jd,,,-0.10,18928022
22.18,Dealer,Ac Kd,,,0.35,18928022
22.53,UTG+2,3c 9c,,,0,18928022
22.53,UTG+1,Kh 9s,,,0.35,18928022
22.88,UTG,Qs 5d,,,0,18928022
22.88,Big Blind,3d Qc,,,-0.25,18928022
22.63,Small Blind,8h Qd,,,-0.10,18928022
22.53,Dealer,9h Kd,,,0,18928022
22.53,UTG+2,2h 3d,,,0,18928022
22.53,UTG,Qs 7c,,,0,18928022
22.53,UTG,As Ks,As Ks 8s 6s 3s,Flush,7.47,18928022
30,Big Blind,Ts Jd,,,-1.00,18928022
29,Small Blind,2c Td,,,-0.10,18928022
28.90,Dealer,8s 9d,,,0,18928022
28.90,UTG+2,4h Jh,,,0,18928022
28.90,UTG+1,Qs Js,,,-1.25,18928022
27.65,UTG,9h 3s,,,0,18928022
27.65,Big Blind,Kc As,As Ad Kc Jc Ts,One pair,19.62,18928022
47.27,Small Blind,8s 7s,,,-0.75,18928022
46.52,Dealer,6h 2c,,,0,18928022
46.52,UTG+2,Th 2d,,,0,18928022
46.52,UTG+1,7s Kh,,,0,18928022
46.52,UTG,3s 6s,,,0,18928022
46.52,Big Blind,7h 7s,,,-0.62,18928022
45.90,Small Blind,2h Ks,,,-0.10,18928022
45.80,Dealer,8c Jc,,,-0.75,18928022
45.05,UTG,Ks 9h,,,0,18928022
45.05,Big Blind,5d 3d,,,-0.25,18928022
44.80,Small Blind,3h Kc,,,-0.10,18928022
44.70,Dealer,4s Js,,,0,18928022
44.70,UTG+1,3h 3c,,,0,18928022
44.70,UTG,2s Kd,,,0,18928022
44.70,UTG,3c 4s,,,0,18928022
44.70,Big Blind,Ad 6d,,,-1.25,18928022
43.45,Small Blind,2s Qd,,,-0.10,18928022
43.35,Dealer,6d 4s,,,0,18928022
43.35,UTG+2,Kd 4h,,,0,18928022
43.35,UTG+1,Js 2h,,,0,18928022
43.35,UTG,8d Ac,,,0,18928022
43.35,Big Blind,3s 9d,,,-0.25,18928022
43.10,Small Blind,4d Kd,,,-0.10,18928022
43,Dealer,Jh 7s,,,0,18928022
43,UTG+1,Th Kc,,,0.32,18928022
43.32,UTG+1,4h 9s,,,0,18928022
43.32,UTG,4d Qc,,,0,18928022
43.32,Big Blind,Ah 5d,As Ah 6d 6c 5d,Two pair,1.22,18928022
44.54,Small Blind,8s 4d,,,-0.10,18928022
44.44,Dealer,As 8h,,,-1.87,18928022
42.57,UTG+2,4h 7d,,,0,18928022
42.57,UTG+1,5d Tc,,,0,18928022
42.57,UTG,9c 4s,,,0,18928022
42.57,Big Blind,5h Jh,,,-0.25,18928022
42.32,Small Blind,Kd 9s,,,-0.10,
25,UTG+1,8d 4s,,,-0.25,18928023
24.75,UTG,7d 2h,,,0,18928023
24.75,Big Blind,4c 3d,,,-0.50,18928023
24.25,Small Blind,Ah 4d,,,-0.25,18928023
24,Dealer,2c Js,,,0,18928023
24,UTG,Th Jc,,,0.35,18928023
24.35,Big Blind,Ac 6c,,,-10.48,18928023
13.87,Small Blind,4d 5d,8d 5d 4d 3d 2d,Flush,9.67,18928023
23.54,Dealer,6c 3h,,,0,18928023
23.54,UTG+2,9d Ad,2s 2c Ad Jd Td,One pair,4.88,18928023
28.42,UTG+1,5s 5h,,,-0.75,18928023
27.67,UTG,8d Qd,,,-3.91,18928023
23.76,Big Blind,2s 5h,,,0.20,18928023
23.96,Small Blind,Jc Qc,,,0.25,18928023
24.21,Dealer,Ah Th,,,1.72,18928023
25.93,UTG+2,9h 5h,,,0,18928023
25.93,UTG+1,3d 7h,,,0,18928023
25.93,UTG,5d 6c,,,0,18928023
25.93,Big Blind,5d Th,,,-0.25,18928023
25.68,Small Blind,6h 5d,,,-0.10,18928023
25.58,UTG+2,Kh 5s,,,0,18928023
25.58,UTG+1,6h 2d,,,0,18928023
25.58,UTG,7s 7d,,,-0.75,18928023
24.83,Big Blind,7h Kd,,,-0.25,18928023
24.58,Small Blind,Kh Kd,Kh Kd Qs Jc Td,One pair,11.99,18928023
36.57,Dealer,Kd 7h,,,0,18928023
36.57,UTG+2,Kc Ad,,,0.60,18928023
37.17,UTG+1,Jc 8d,,,0,18928023
37.17,UTG,Qd Kd,8h 8c 4s 4h Ac,Two pair,0.13,18928023
37.30,Big Blind,Th Qc,,,0.55,18928023
37.85,Small Blind,Th 7h,,,2.85,18928023
40.70,Dealer,9c Kh,,,0.35,18928023
41.05,UTG+2,2c Jc,,,0,18928023
41.05,UTG+1,Th Qh,,,-0.75,18928023
40.30,UTG,Ks Ah,,,0.35,18928023
40.65,Big Blind,9s Qs,,,0.10,18928023
40.75,Small Blind,2c 8h,,,-0.10,18928023
40.65,Dealer,9c Qs,,,0,18928023
40.65,Big Blind,8s 4d,,,-0.25,18928023
40.40,Small Blind,6h Kh,,,-0.10,18928023
40.30,Dealer,Ts 8d,,,0,18928023
40.30,Big Blind,3s 2h,,,0.10,18928023
40.40,Small Blind,8c 7d,7s 7d Kd Js Tc,One pair,-1.46,18928023
38.94,Dealer,Ah 3c,,,0.35,18928023
39.29,UTG,4s Jh,,,0,18928023
39.29,Big Blind,8d 5s,8s 8d 2h 2c 6h,Two pair,0.81,18928023
40.10,Small Blind,Ts Kc,,,0.25,18928023
40.35,Dealer,Js Tc,Js Jc 7d 7c Tc,Two pair,3.94,18928023
44.29,UTG,6s 3s,,,0,18928023
44.29,Big Blind,3d 4d,,,-0.63,18928023
43.66,Small Blind,Qd Ac,,,0.68,18928023
44.34,Dealer,Ac 7s,Ad Ac 7s 7d Kh,Two pair,-13.01,18928023
31.33,Big Blind,2h 3d,,,-0.25,18928023
31.08,Dealer,9s Ad,,,-0.25,18928023
30.83,Big Blind,5d 8c,,,0.10,18928023
30.93,Dealer,9d 3h,,,-0.10,18928023
30.83,Big Blind,6c 9s,,,-0.25,18928023
30.58,Dealer,6c Th,,,-0.10,18928023
30.48,Dealer,4c 8c,,,0,18928023
30.48,Big Blind,As Ah,As Ah Js Jh Th,Two pair,-25.10,18928023
5.38,Small Blind,4h 3d,,,-0.10,18928023
5.28,Dealer,Th 3c,,,0,
25,UTG+1,Ts 9c,,,-1.00,18928024
24,UTG,Qs 8d,,,0,18928024
24,Big Blind,2c 9d,,,-0.25,18928024
23.75,Small Blind,9c 3d,,,-0.10,18928024
23.65,Dealer,Ks 4d,,,0,18928024
23.65,UTG+1,3d 3c,,,0,18928024
23.65,UTG,4d Ts,,,0,18928024
23.65,Big Blind,3c 8d,,,-0.25,18928024
23.40,Small Blind,Ad 6s,,,-0.10,18928024
23.30,Dealer,9h 8d,,,0,18928024
23.30,UTG+2,5d 3s,,,0,18928024
23.30,UTG+1,8d Ac,,,0,18928024
23.30,UTG,3c 7d,,,0,18928024
23.30,Big Blind,4h Td,,,-0.25,18928024
23.05,Small Blind,3h 2c,,,-0.10,18928024
22.95,Dealer,Ad Td,Th Td 4d 4c Ad,Two pair,2.58,18928024
25.53,UTG+2,2c 5h,,,0,18928024
25.53,UTG+1,Ts Qd,,,4.12,18928024
29.65,UTG,6c 3s,,,0,18928024
29.65,Big Blind,8d Ad,As Ad Ac 9h 8d,Three of a kind,14.13,18928024
43.78,Small Blind,Jc Tc,,,0.25,18928024
44.03,Dealer,9h 9d,,,1.21,18928024
45.24,UTG+1,Qs Kd,,,0.60,18928024
45.84,UTG,Qc Ac,3s 3h Ac Qc Ts,One pair,3.04,18928024
48.88,Big Blind,4s 9d,,,-0.25,18928024
48.63,Small Blind,7s Qs,,,-0.75,18928024
47.88,Dealer,3c Th,,,0,18928024
47.88,UTG+2,Kh 8d,,,0,18928024
47.88,Big Blind,Jd 3s,,,-0.25,18928024
47.63,Small Blind,Jc Ah,Ah Ac Ks Jc Ts,One pair,1.59,18928024
49.22,Dealer,Kh Ac,,,0.35,18928024
49.57,UTG+2,Qs Kd,Ks Kd Qs Jh Ts,One pair,8.25,18928024
57.82,UTG+1,6s 9c,,,0,18928024
57.82,UTG,5s 2s,,,0,18928024
57.82,Big Blind,Ts As,As Kc Qh Jh Ts,Straight,20.40,18928024
78.22,Small Blind,Qs Jh,,,-0.10,18928024
78.12,Dealer,Ah Qs,As Ah Kd Qs Ts,One pair,3.62,18928024
81.74,UTG+1,8h Ad,Ah Ad Kd Jh 8h,One pair,-3.68,18928024
78.06,UTG,Ac 4s,,,0,18928024
78.06,Big Blind,2h Kh,2s 2h Kh Jc Td,One pair,2.20,18928024
80.26,Small Blind,Ts Jd,Jh Jd As Kh Ts,One pair,2.46,18928024
82.72,Dealer,Js Tc,,,0.92,18928024
83.64,UTG+1,6c Ts,,,0,18928024
83.64,UTG,8d 7h,,,0,18928024
83.64,Big Blind,5d Jd,Jh Jd 5d 5c As,Two pair,4.58,18928024
88.22,Small Blind,Qc 6h,,,-0.10,18928024
88.12,Dealer,8c 4s,,,0,18928024
88.12,UTG,6h 2h,,,0,18928024
88.12,Big Blind,Kh 8s,Kh Jc 9s 8s 6s,High Card,-0.95,18928024
87.17,Small Blind,8d 5h,,,-0.10,18928024
87.07,Dealer,Ks 5c,,,0,18928024
87.07,UTG+2,Jc Qs,Qs Qd Jc Ts 7s,One pair,15.40,18928024
102.47,UTG+1,Ac 5c,,,-0.75,18928024
101.72,UTG,Kc 4s,,,0,18928024
101.72,Big Blind,2s 8h,,,-0.25,18928024
101.47,Small Blind,7h 2d,,,-0.10,18928024
101.37,Dealer,Jd 4c,,,0,18928024
101.37,UTG+2,4h 9h,,,0,18928024
101.37,UTG+1,7c 7s,,,-2.50,18928024
98.87,UTG,7s Ah,,,0,18928024
98.87,Big Blind,4s Ad,,,-0.25,18928024
98.62,Small Blind,3d As,7s 7c As Kh Qc,One pair,-0.04,
25,Big Blind,Ks 2c,Ks Kd Ac Jh 9d,One pair,-2.67,18928025
22.33,Small Blind,7c 2h,,,-0.10,18928025
22.23,Dealer,2c 9c,,,0,18928025
22.23,UTG+1,6d 7h,,,0,18928025
22.23,UTG,Kc Qd,,,-3.29,18928025
18.94,UTG,9d 9s,,,-1,18928025
17.94,Big Blind,9h 6c,,,-2.00,18928025
15.94,Small Blind,Jd Ad,Jd Jc Ad Qc Tc,One pair,-15.94,18928025
25,UTG+2,6s 9h,,,0,18928025
25,UTG+1,5h 5s,Ts Td 5s 5h 9h,Two pair,-4.35,18928025
20.65,UTG,6s 2s,,,0,18928025
20.65,Big Blind,Qs 2h,,,-0.25,18928025
20.40,Small Blind,Ts As,As Ah 2h 2d Js,Two pair,-8.16,18928025
12.24,Dealer,9s 4c,,,0,18928025
12.24,UTG+2,Ac 3h,,,0,18928025
25,UTG+1,9s 5h,,,0,18928025
25,UTG,3d Ah,,,0,18928025
25,Big Blind,Kc Th,Kh Kc Th Td 5s,Two pair,12.17,18928025
37.17,Small Blind,8d 4s,,,-0.10,18928025
37.07,Dealer,5s Jd,,,0,18928025
37.07,UTG+1,4h Qd,,,0,18928025
37.07,UTG,Ac 9h,Qs Qh 9h 9d Ac,Two pair,3.96,18928025
41.03,Big Blind,Tc Ah,,,-0.75,18928025
40.28,Small Blind,3d Jh,,,-0.10,18928025
40.18,Dealer,As 3s,As Ac 5d 5c Kc,Two pair,4.14,18928025
44.32,UTG+2,6s 7c,,,0,18928025
44.32,UTG+1,3c 3d,,,0,18928025
44.32,UTG,Qs 3s,,,-1.63,18928025
42.69,Big Blind,3s 3h,,,-1.25,18928025
41.44,Small Blind,7c 2h,,,-0.10,18928025
41.34,Dealer,4s Jc,,,0,18928025
41.34,UTG+2,2s Ts,,,0,18928025
41.34,UTG+1,3c Td,,,0,18928025
41.34,UTG,4c 2d,,,0,18928025
41.34,Big Blind,Js Tc,,,-0.50,18928025
40.84,Small Blind,Jd 5c,,,-0.10,18928025
40.74,Dealer,Kd As,,,1.46,18928025
42.20,UTG+1,Jc Qc,,,2.10,18928025
44.30,UTG,Qd 9s,,,0,18928025
44.30,Big Blind,7h Ah,As Ah 7h 7c 6s,Two pair,8.02,18928025
52.32,Small Blind,Js 8c,,,-0.10,18928025
52.22,Dealer,5d 2h,,,0,18928025
52.22,UTG+1,3c 7s,,,0,18928025
52.22,UTG,Ks 7s,,,-0.72,18928025
51.50,Big Blind,Ts 9s,Ts Td 2s 2h Qs,Two pair,1.94,18928025
53.44,Small Blind,Jd Td,Ts Td 7s 7c Jd,Two pair,5.48,18928025
58.92,Dealer,9d Qh,,,0,18928025
58.92,UTG,9s 3c,,,0,18928025
58.92,Big Blind,7d 2d,Th 9d 8h 7d 6s,Straight,0.56,18928025
59.48,Small Blind,4c 8h,,,-0.10,18928025
59.38,Dealer,4s 5s,,,-6.81,18928025
52.57,UTG+2,6d Jc,,,0,18928025
52.57,UTG+1,Kh 8c,,,0,18928025
52.57,UTG,Ks 2d,,,0,18928025
52.57,Big Blind,Qs 4c,,,-0.25,18928025
52.32,Small Blind,Tc 8h,,,-0.10,18928025
52.22,Dealer,Ad Ah,,,1.80,18928025
54.02,UTG+2,Th 6c,,,0,18928025
54.02,UTG+1,8d Jc,,,0,18928025
54.02,UTG,6h 2h,,,0,18928025
54.02,Big Blind,3c 7s,3s 3c Qh 8c 7s,One pair,-1.00,18928025
53.02,Small Blind,4c As,Qd Qc 4h 4c As,Two pair,1.59,18928025
54.61,Dealer,8c 4d,,,0,18928025
54.61,UTG+2,3c Th,,,0,18928025
54.61,UTG+1,7c Ac,,,0.92,18928025
55.53,UTG,3d 2h,,,0,18928025
55.53,Big Blind,Jc Kc,,,-2.00,18928025
53.53,Small Blind,6s 3c,,,-0.10,18928025
53.43,Dealer,Ad Qc,Qs Qc Ad 9h 7c,One pair,0.41,18928025
53.84,UTG+2,Ac Tc,Ac Tc 7c 6c 4c,Flush,19.71,18928025
73.55,UTG+1,5s Js,,,0,18928025
73.55,UTG,4d Js,,,0,
25,Big Blind,9d 6s,,,-0.25,18928026
24.75,Small Blind,Th 2d,,,-0.10,18928026
24.65,Dealer,2d 3s,,,0,18928026
24.65,UTG+1,Qs 8h,,,0,18928026
24.65,UTG,4c Qs,,,0,18928026
24.65,Big Blind,8h 3d,,,-0.25,18928026
24.40,Small Blind,Jc 4c,,,-0.10,18928026
24.30,Dealer,3d Ac,,,1.32,18928026
25.62,UTG+2,Jc 7s,,,0,18928026
25.62,UTG+1,6s 9d,,,0,18928026
25.62,UTG,Ks 3h,,,0,18928026
25.62,Big Blind,Ah 6d,,,-0.25,18928026
25.37,Big Blind,Ah 7h,7h 7c Ah Jc 5h,One pair,-1.89,18928026
23.48,Small Blind,8d 4d,,,-0.10,18928026
23.38,Dealer,Jh 4s,,,0,18928026
23.38,UTG+2,Qs 8d,,,0,18928026
23.38,UTG+1,Td 3h,,,0,18928026
23.38,UTG,3h Ks,,,0,18928026
23.38,Big Blind,Qh 8s,,,-0.25,18928026
23.13,Small Blind,2c As,,,-0.10,18928026
23.03,Dealer,Ad 8s,,,-0.75,18928026
22.28,UTG+2,8d Th,,,0,18928026
22.28,UTG+1,6s 5d,,,0,18928026
22.28,UTG,5h 3c,,,0,18928026
22.28,Big Blind,7s Qh,,,-0.25,18928026
22.03,Small Blind,Jc Ts,Ks Kd Jc Ts 9c,One pair,-0.25,18928026
21.78,Dealer,9c 3s,,,0,18928026
21.78,UTG+1,9h 8h,,,0.60,18928026
22.38,UTG,4d 2s,,,0,18928026
22.38,Big Blind,9s 8h,,,-0.25,18928026
22.13,Small Blind,7c 9c,,,-0.10,18928026
22.03,Dealer,7s Ks,,,2.52,18928026
24.55,UTG+2,6s Js,,,0,18928026
24.55,UTG+1,6s Ts,,,0,18928026
24.55,UTG,5d 8s,,,0,18928026
24.55,Big Blind,2d 7s,,,-0.25,18928026
24.30,Small Blind,Td 9h,,,0.23,18928026
24.53,Dealer,2c 6c,,,0,18928026
24.53,UTG+1,Ah 5c,5h 5c Ah Js 9c,One pair,15.36,18928026
39.89,UTG,Ks Td,,,-1.51,18928026
38.38,UTG,Kh 9c,,,0,18928026
38.38,Big Blind,7h 4c,,,-0.25,18928026
38.13,Small Blind,8d 6h,,,-0.10,18928026
38.03,Dealer,6h Ts,,,0,18928026
38.03,UTG+2,9c 7s,,,0,18928026
38.03,UTG+1,Kh 2d,,,0,18928026
38.03,UTG,7d 2c,,,0,18928026
38.03,Big Blind,Jh 9h,,,-22.68,18928026
15.35,Small Blind,8d Qh,,,-0.25,18928026
15.10,Dealer,6s 2s,,,0,18928026
15.10,UTG+1,Td 5c,,,0,18928026
15.10,UTG,Qd 6h,,,0,18928026
15.10,Big Blind,4h 3c,,,-0.50,18928026
14.60,Small Blind,Ad 4h,,,-1.50,18928026
25,Dealer,4c 2s,,,0,18928026
25,UTG+2,Tc 7c,7d 7c 5s 5c Tc,Two pair,5.37,18928026
30.37,UTG+1,Ks Qh,,,-1.25,18928026
29.12,UTG,Jc 3d,,,0,18928026
29.12,Big Blind,4s 9d,,,-0.25,18928026
28.87,Small Blind,Tc 5c,5h 5c Kc Qc Tc,One pair,7.91,18928026
36.78,Dealer,7d 7c,,,-1.67,18928026
35.11,UTG+2,2c 8s,,,0,18928026
35.11,UTG+1,7h Kh,,,-1.25,18928026
33.86,UTG,9d 2c,,,0,18928026
33.86,Big Blind,Qs 2d,,,-0.25,18928026
33.61,Small Blind,3c 9s,,,-0.10,18928026
33.51,Dealer,7c Qs,,,0,18928026
33.51,UTG+2,Kh As,,,2.81,18928026
36.32,UTG+1,7c 7d,,,-0.75,18928026
35.57,UTG,9s 5s,,,0,
25,UTG,3s Kh,Kh Kc Qs Tc 8d,One pair,0.92,18928027
25.92,Big Blind,Kc 5c,,,-0.25,18928027
25.67,Small Blind,8d Jh,,,-0.10,18928027
25.57,Dealer,3s Qh,,,0,18928027
25.57,UTG+1,Kc 7s,,,0,18928027
25.57,UTG+1,Ts 7s,,,0,18928027
25.57,UTG,Kc Ad,,,2.54,18928027
28.11,Big Blind,3c 7d,,,-0.25,18928027
27.86,Small Blind,4s 4d,,,3.14,18928027
31,Dealer,2d Qc,,,0,18928027
31,UTG+2,9d Jc,,,0,18928027
31,UTG+1,Kd Ks,Ks Kh Kd 5h 5d,Full House,8.15,18928027
39.15,UTG,7h 7s,,,0.35,18928027
39.50,Big Blind,Qd 5s,,,-0.25,18928027
39.25,Small Blind,3h 9c,,,-0.10,18928027
39.15,Dealer,3d 5s,,,0,18928027
39.15,UTG+1,5h 3c,,,0,18928027
39.15,UTG,7h 9s,,,0,18928027
39.15,Big Blind,Th Ts,,,0.10,18928027
39.25,Small Blind,9d 4h,,,-0.10,18928027
39.15,Dealer,Qs Ts,Ts Td Qs Js 7d,One pair,2.92,18928027
42.07,UTG,6c 8s,,,0,18928027
42.07,Big Blind,Tc Ac,,,-1.35,18928027
40.72,Small Blind,Tc 9h,,,-0.10,18928027
40.62,Dealer,Ac 7h,,,-5.01,18928027
35.61,UTG+1,Ah Jd,Ah Ad 6s 6c Qc,Two pair,-0.25,18928027
35.36,UTG,Kd Qh,Ks Kd Qh Js 8h,One pair,-11.31,18928027
24.05,Big Blind,6c 9s,,,-0.25,18928027
23.80,Small Blind,6h 2d,,,-0.10,18928027
23.70,Dealer,Tc 7d,,,0,18928027
23.70,UTG+2,7c Kc,,,-0.75,18928027
22.95,UTG+1,9d 4d,,,0,18928027
22.95,UTG,7s 4c,,,0,18928027
22.95,Big Blind,Ah Jh,Jh Jc Ah Ks 9h,One pair,5.24,18928027
28.19,Small Blind,Jh 3c,,,-0.10,18928027
28.09,Dealer,6h 3s,,,0,18928027
28.09,UTG+2,As 4c,,,0,18928027
28.09,UTG+1,Kc Ks,,,0.35,18928027
28.44,UTG,Kd 7c,,,0,18928027
28.44,Big Blind,Kd 8s,,,-0.25,18928027
28.19,Small Blind,3h 5c,,,-0.10,18928027
28.09,Dealer,3s 6s,,,0,18928027
28.09,UTG+2,Ad Ah,,,1.10,18928027
29.19,UTG+1,Qd 3s,,,0,18928027
29.19,UTG,7s 8d,,,0,18928027
29.19,Big Blind,8d 3h,,,-0.25,18928027
28.94,Small Blind,Ad 4h,,,-0.10,18928027
28.84,Dealer,2c 8c,,,0,18928027
28.84,UTG+2,9h 5d,,,0,18928027
28.84,UTG+1,2s Jc,,,0,18928027
28.84,UTG,2d Ah,,,0,18928027
28.84,Big Blind,7s 7d,,,-1.25,18928027
27.59,Small Blind,6s 4s,,,-0.10,18928027
27.49,Dealer,3h Qs,,,0,18928027
27.49,UTG+2,Ah 2c,,,0,18928027
27.49,UTG+1,7d 8c,,,0,18928027
27.49,UTG,8d Kd,,,0,18928027
27.49,Big Blind,3d 4s,,,-0.63,
25,Big Blind,5s 3c,,,-0.25,18928028
24.75,Small Blind,Qh Td,,,1.13,18928028
25.88,Dealer,2d Js,,,0,18928028
25.88,UTG+2,5c Ad,5c 4c 3s 2c Ad,Straight,-0.14,18928028
25.74,UTG+1,6d 5d,6s 6d 5d 5c Qd,Two pair,-25.10,18928028
0.64,UTG,3h Th,,,0,18928028
25,Big Blind,8c As,,,-0.25,18928028
24.75,Small Blind,Jd Td,,,0.25,18928028
25,Dealer,2d Jh,,,0,18928028
25,UTG+2,4c 9c,,,0,18928028
25,UTG+1,Ad Kd,Qs Qh Ad Kd 6s,One pair,-25.00,18928028
25,Big Blind,Jh 2d,,,0.10,18928028
25.10,Small Blind,7d 5c,,,-0.10,18928028
25,Dealer,4h 3d,,,0,18928028
25,UTG+1,5h Kh,,,0,18928028
25,UTG,3s 2c,,,0,18928028
25,UTG,4d 9d,,,0,18928028
25,Big Blind,3c 5c,,,-0.25,18928028
24.75,Small Blind,Td 9c,,,-0.50,18928028
24.25,Dealer,8c Ac,,,-4.55,18928028
19.70,UTG+1,9d 6s,,,0,18928028
19.70,UTG,5s 7h,,,0,18928028
19.70,Big Blind,6h 8h,,,-0.25,18928028
19.45,Small Blind,4c 4s,,,0.75,18928028
20.20,Dealer,4s Qh,,,0,18928028
20.20,UTG+2,Js 2h,,,0,18928028
20.20,UTG+1,6d Jh,,,0,18928028
20.20,UTG,Jc 6s,,,0,18928028
20.20,Big Blind,Jc 5d,,,-0.25,18928028
19.95,Small Blind,Ks 7c,,,-0.10,18928028
19.85,Dealer,2c Jc,,,0,18928028
19.85,UTG+2,4s 4c,,,-1.50,18928028
18.35,UTG+1,Kh Ts,,,-0.75,18928028
17.60,UTG,Js Ah,,,0.92,18928028
18.52,Big Blind,4s 7c,,,-0.25,18928028
18.27,Small Blind,2c Jc,,,-0.10,18928028
18.17,Dealer,Tc 8s,,,0,18928028
18.17,UTG,8c 9c,,,0.35,18928028
18.52,UTG,Qh 8d,,,0,18928028
18.52,UTG,2s 3h,,,0,18928028
18.52,Big Blind,9c Js,,,-0.63,18928028
17.89,Small Blind,4s 2h,,,-0.10,18928028
17.79,Dealer,4c 8c,,,0,18928028
17.79,UTG,Qs Tc,,,-0.75,18928028
17.04,Big Blind,8h 5h,,,-0.25,18928028
16.79,Big Blind,Jc 8s,,,-0.25,18928028
16.54,Small Blind,8s Ac,,,-0.10,18928028
16.44,Dealer,6c 2h,,,0,18928028
16.44,UTG+2,4c 9h,,,0,18928028
16.44,UTG+1,Qc As,,,0.35,18928028
16.79,Big Blind,6c Kh,,,2.39,18928028
19.18,Small Blind,Td 6d,,,-0.10,18928028
19.08,Dealer,3s 2s,,,-0.60,18928028
18.48,UTG+1,Jd 5s,,,0,18928028
18.48,UTG,7h 5s,,,0,18928028
18.48,UTG,Jc 5c,,,0,18928028
18.48,Big Blind,Ks 9s,,,-0.60,18928028
17.88,Small Blind,6d 9d,9d 8d 7h 6d 5c,Straight,18.71,18928028
36.59,Dealer,Ks 4h,,,0,18928028
36.59,UTG+1,5d 9d,,,0,18928028
36.59,UTG+1,6d 9d,,,0.35,18928028
36.94,UTG,4d 7c,,,0,18928028
36.94,Big Blind,Ad 8c,,,-0.75,18928028
36.19,Small Blind,2s 4h,,,-0.10,
25,Big Blind,3s Js,,,-0.25,18928029
24.75,Small Blind,Jc 9s,Jc Th 9s 8h 5c,High Card,-2.10,18928029
22.65,Dealer,As 2s,,,2.36,18928029
25.01,UTG+1,Qd 6h,,,0,18928029
25.01,UTG,Jd 7s,,,0,18928029
25.01,UTG,4d Ts,,,0,18928029
25.01,Big Blind,2s Th,,,-0.25,18928029
24.76,Small Blind,Th 8d,,,-0.10,18928029
24.66,Dealer,3d Ac,,,-0.75,18928029
23.91,UTG+1,Jh 7d,,,0,18928029
23.91,UTG,8h 3s,,,0,18928029
23.91,Big Blind,7s 2s,,,1.80,18928029
25.71,Small Blind,7s Qc,,,-0.10,18928029
25.61,Dealer,4d 5c,,,0,18928029
25.61,UTG+2,7s 8c,,,0,18928029
25.61,UTG+1,6h 5c,,,0.35,18928029
25.96,UTG,Td As,,,0.35,18928029
26.31,Big Blind,Js 7h,,,-0.25,18928029
26.06,UTG+2,Ks 4h,,,-0.10,18928029
25.96,UTG+1,Ks Js,,,-11.50,18928029
14.46,UTG,Ac 6h,,,-0.25,18928029
14.21,Big Blind,Ks 7h,,,1.32,18928029
15.53,Small Blind,Th 9h,,,0.68,18928029
16.21,Dealer,6s 4c,,,0,18928029
16.21,UTG,8d Th,,,0,18928029
16.21,UTG,8s 5s,,,0,18928029
16.21,Big Blind,3s 9d,,,-0.25,18928029
15.96,Small Blind,8d Tc,,,-0.10,18928029
15.86,Dealer,8d Tc,,,0,18928029
15.86,UTG+1,8s 5c,,,0,18928029
15.86,UTG,9d Th,,,0,18928029
15.86,Big Blind,Jd 2s,,,0.10,18928029
15.96,Small Blind,Js 2d,,,-0.10,18928029
15.86,Dealer,8s Kc,,,0.35,18928029
16.21,UTG+2,Ac 4d,Ad Ac 4h 4d 7h,Two pair,-1.33,18928029
14.88,UTG+1,Ac Qh,Ah Ac Qh Td 8h,One pair,13.73,18928029
28.61,UTG,5h Ah,,,-0.75,18928029
27.86,Big Blind,2d 2s,,,-0.75,18928029
27.11,Small Blind,7h 2h,,,-0.10,18928029
27.01,Dealer,Js 4s,,,0.32,18928029
27.33,UTG+2,5d 2s,,,0,18928029
27.33,UTG+1,5s 2h,,,0,18928029
27.33,UTG,3s Qh,,,0,18928029
27.33,Big Blind,6c Qc,,,-0.25,18928029
27.08,Small Blind,3h Qc,,,-0.10,18928029
26.98,Dealer,2c Ah,,,0.35,18928029
27.33,UTG+2,Tc Kh,Kh Qc Jd Tc 9s,Straight,-13.03,18928029
14.30,UTG+1,2c 3d,,,0,18928029
14.30,UTG,8d 3h,,,0,18928029
14.30,Big Blind,Qh As,As Qh Jh 7s 5c,High Card,-14.30,18928029
25,Big Blind,9s 8h,,,0.10,18928029
25.10,Small Blind,4h Qd,,,-0.10,18928029
25,Dealer,6s As,,,0.35,18928029
25.35,UTG+1,5h 5d,,,-0.68,18928029
24.67,UTG+1,2s 6c,,,0,18928029
24.67,UTG,2h Kc,,,0,18928029
24.67,Big Blind,Kd 7d,,,0.75,18928029
25.42,Small Blind,Kc 2s,,,-0.10,18928029
25.32,Dealer,3d Ts,,,0,18928029
25.32,UTG+1,Kd 9d,,,2.36,18928029
27.68,UTG+1,9h Kc,,,0,18928029
27.68,Big Blind,Jc 8h,,,-0.25,18928029
27.43,Small Blind,7h 9h,,,-0.10,18928029
27.33,Dealer,6h Jd,,,0,18928029
27.33,UTG+2,6s 7h,,,0,18928029
27.33,UTG+1,4c Kh,,,0,18928029
27.33,UTG,4s 8c,,,0,18928029
27.33,Big Blind,6s Kd,,,-0.25,18928029
27.08,Small Blind,2c 4d,,,-0.10,18928029
26.98,Dealer,Kd 6s,,,-0.75,18928029
26.23,UTG+1,4c 6s,,,0,18928029
26.23,UTG,Td 4c,,,0,18928029
26.23,Big Blind,5d Th,,,-0.25,18928029
25.98,Small Blind,3s 8h,,,-0.10,18928029
25.88,Dealer,Ks 3h,,,0,18928029
25.88,UTG+2,5c 9h,,,0,18928029
25.88,UTG+1,4s As,,,0.35,18928029
26.23,UTG,6c 7s,,,0,18928029
26.23,Big Blind,7c Kc,,,1.33,18928029
27.56,Small Blind,7d Kc,,,-0.10,18928029
27.46,Dealer,2c As,2d 2c As Kc Ts,One pair,-3.78,18928029
23.68,UTG+2,Kc 8d,,,-0.75,18928029
22.93,UTG+1,Qs 9s,,,0.35,18928029
23.28,UTG,Kh 3d,,,0,18928029
23.28,Big Blind,Ac 7d,,,-0.25,18928029
23.03,Small Blind,2h 8c,,,-0.10,18928029
22.93,Dealer,9h 4s,,,0,18928029
22.93,UTG+2,4s 6c,,,0,18928029
22.93,UTG+1,2h Tc,,,0,18928029
22.93,UTG,4h 4c,,,0,18928029
22.93,Big Blind,Jh 5c,,,-0.25,18928029
22.68,Small Blind,4d 2c,,,-0.10,18928029
22.58,Dealer,4d Kc,,,0,18928029
22.58,UTG,7h Jd,,,0,18928029
22.58,UTG,9c 2d,,,0,18928029
22.58,Big Blind,8c Ad,Kh Kd Ad Qc Jd,One pair,-0.75,18928029
21.83,Small Blind,Kc Kh,Ks Kh Kc Th Tc,Full House,6.99,18928029
28.82,Dealer,Kc 9c,,,-2.75,18928029
26.07,UTG+1,Js As,,,0.95,18928029
27.02,UTG,2d 3d,,,0,18928029
27.02,Big Blind,8c Jd,,,-0.25,18928029
26.77,Small Blind,2h 4c,,,-0.10,18928029
26.67,Dealer,Kh Th,,,1.80,18928029
28.47,UTG+2,Jh Th,Ad Ac Jh Th 8h,One pair,-7.26,18928029
21.21,UTG+1,8s 3h,,,0,18928029
21.21,UTG,2h 2d,,,0,18928029
21.21,Big Blind,4h 2c,,,-0.25,18928029
20.96,Small Blind,Ks Ah,,,0.25,18928029
21.21,Dealer,3d 9h,,,0,18928029
21.21,UTG+2,5c Jd,,,0,18928029
21.21,UTG+1,6h Kd,,,0,18928029
21.21,UTG,Ah 8h,As Ah 3d 3c Td,Two pair,4.22,18928029
25.43,Big Blind,3s 2d,,,-0.25,18928029
25.18,Small Blind,9c As,,,-0.73,18928029
24.45,Dealer,4d Js,,,0,18928029
24.45,UTG+1,Js 4d,,,0,18928029
24.45,UTG,Th Tc,,,0.35,18928029
24.80,Big Blind,Ts 4s,,,-0.76,18928029
24.04,Small Blind,6h 3d,,,-0.10,18928029
23.94,Dealer,8s 6h,,,0,18928029
23.94,UTG+2,2c 4c,,,0,18928029
23.94,UTG+1,8h Tc,,,0,18928029
23.94,UTG,Ks 5c,,,0,18928029
23.94,Big Blind,4d 6d,,,-0.25,18928029
23.69,Small Blind,8s Kd,,,-0.10,18928029
23.59,Dealer,9h 6h,,,0,18928029
23.59,UTG+2,Jc 3s,,,0,18928029
23.59,UTG+1,4c 6s,,,0,18928029
23.59,UTG,7s 5h,,,0,18928029
23.59,Big Blind,Ad 6h,,,-0.25,18928029
23.34,Small Blind,Kd 5h,,,-0.10,18928029
23.24,Dealer,4d 5c,,,0,18928029
23.24,UTG+2,4c Ts,,,0,18928029
23.24,UTG+1,9c 4s,,,0,18928029
23.24,UTG,4h 2s,,,0,18928029
23.24,Big Blind,9s Js,8s 8d As Js Tc,One pair,-3.60,18928029
19.64,Small Blind,7c 2h,,,-0.10,18928029
19.54,Dealer,Ah 7s,,,0.98,18928029
20.52,UTG+2,9s Kc,,,0,18928029
20.52,UTG+1,9s 7h,,,0,18928029
20.52,UTG,4h 2h,,,0,18928029
20.52,Big Blind,3h Tc,,,-0.25,18928029
20.27,Small Blind,4h Kd,,,-0.10,18928029
20.17,Dealer,5h Ad,,,-0.75,18928029
19.42,UTG+2,Td 9s,,,0,18928029
19.42,UTG+1,Th 9s,,,0,18928029
19.42,UTG,9s 2s,,,0,18928029
19.42,Big Blind,Ah 6c,6h 6c Ah Kd 9s,One pair,1.01,18928029
20.43,Small Blind,Ts 8h,,,-0.10,18928029
20.33,Dealer,7c 5d,,,0,18928029
20.33,UTG+2,Kd 2d,,,0,18928029
20.33,UTG+1,8s Ah,,,0.35,18928029
20.68,UTG,4c 2d,,,0,18928029
20.68,Big Blind,9s 6s,,,-0.25,18928029
20.43,Small Blind,4s 3h,,,-0.10,18928029
20.33,Dealer,Ac Qh,,,2.82,18928029
23.15,UTG+2,5c 9c,,,0,18928029
23.15,UTG,Tc Qc,,,-0.75,18928029
22.40,Big Blind,As 2d,,,-0.25,18928029
22.15,Small Blind,Jd 7s,,,-0.10,18928029
22.05,Dealer,Qc 9c,,,-2.70,18928029
19.35,UTG+2,9h Qh,,,-0.25,18928029
19.10,UTG+1,Qd 6d,,,0,18928029
19.10,UTG,Jd Kd,,,-1,18928029
18.10,Big Blind,6d Js,,,-0.25,18928029
17.85,Small Blind,3d Ks,,,-0.10,18928029
17.75,Dealer,Jd Kh,Kh Jd 9h 8d 7s,High Card,-17.75,
25,UTG,Kd Ts,,,-2.43,18928030
22.57,Big Blind,Ks 2d,,,-0.25,18928030
22.32,Small Blind,3c 8d,,,-0.10,18928030
22.22,Dealer,Qs 9d,,,1.63,18928030
23.85,UTG+2,Ah Js,Ah Ac Js Td 6c,One pair,-7.22,18928030
16.63,UTG+1,6d 9s,,,0,18928030
16.63,UTG,Kd Qh,,,-3.25,18928030
13.38,Big Blind,7s 9h,,,-1.75,18928030
11.63,Small Blind,9d 6d,,,-0.63,18928030
11,Dealer,2s Td,,,0,18928030
11,UTG+2,9s Th,,,1.01,18928030
12.01,UTG+1,2h 7c,,,0,18928030
12.01,UTG,8d 4s,,,0,18928030
12.01,Big Blind,6d Qc,,,-0.25,18928030
11.76,Small Blind,9d Ks,,,-0.10,18928030
11.66,Dealer,Ts 9c,,,1.24,18928030
12.90,UTG+2,Td Kc,,,-0.75,18928030
12.15,UTG+1,3c Ah,,,0,18928030
12.15,UTG,2s 3d,,,0,18928030
12.15,Big Blind,Kh 8d,,,-0.25,18928030
11.90,Small Blind,5s Qc,,,-0.10,18928030
11.80,Dealer,Qs Qd,,,0.98,18928030
12.78,UTG+2,Qh 5s,,,0,18928030
12.78,UTG+1,6c 4s,,,0,18928030
12.78,UTG,6h Qc,,,0,18928030
12.78,Big Blind,2h 9c,,,-0.25,18928030
12.53,Small Blind,9d Ah,As Ah Qs Qh 9d,Two pair,-3.46,18928030
9.07,Dealer,7s 5h,,,-3.02,18928030
6.05,UTG+2,8d Qd,,,-0.75,18928030
25,UTG+1,8s Js,,,-0.75,18928030
24.25,UTG,6d 4d,,,0,18928030
24.25,Big Blind,9c Ac,9s 9d 9c Ac Kc,Three of a kind,10.94,18928030
35.19,Small Blind,6c Ks,,,-0.10,18928030
35.09,Dealer,Ts Kc,,,-2.75,18928030
32.34,UTG+2,Jc 2d,,,0,18928030
32.34,UTG+1,4c Qc,,,0,18928030
32.34,UTG,7h Th,,,0,18928030
32.34,Big Blind,7c Kh,,,0.23,18928030
32.57,Small Blind,2h 6d,,,-0.10,18928030
32.47,Dealer,4h Jd,,,0,18928030
32.47,UTG+2,Ad 8c,,,-0.75,18928030
31.72,UTG+1,Ac Ah,,,3.79,18928030
35.51,UTG,Qd 5d,,,0,18928030
35.51,Big Blind,5s Ts,,,-0.25,18928030
35.26,Small Blind,Qh Th,,,-0.63,18928030
34.63,Dealer,2d 9h,,,0,18928030
34.63,UTG+2,4d 9d,,,0,18928030
34.63,UTG+1,Qs 6s,,,0,18928030
34.63,UTG,2h Kh,,,0,18928030
34.63,Big Blind,3s 2c,,,-0.25,18928030
34.38,Small Blind,7h Kh,,,-0.63,18928030
33.75,Dealer,Ks 5c,,,2.94,18928030
36.69,UTG+2,7d 4s,,,0,18928030
36.69,UTG+1,4d 7d,,,0,18928030
36.69,UTG,Ah 3s,,,0,18928030
36.69,Big Blind,9s 2h,,,-0.25,18928030
36.44,Small Blind,Qh Js,Js Jh Jc Qh Qc,Full House,4.18,18928030
40.62,Dealer,9s 4s,,,0,18928030
40.62,UTG+1,Kc Qc,Td Tc 4s 4d Kc,Two pair,-17.99,18928030
22.63,UTG,5s 6d,5s 5d Ks Qd Tc,One pair,-1.31,18928030
21.32,Big Blind,Td 8s,,,-0.25,18928030
21.07,Small Blind,8d 6c,,,-0.10,18928030
20.97,Dealer,Qh 7d,As Kh Qh Jc Th,Straight,20.57,18928030
41.54,UTG+2,Jh As,As Ah Ac Ks Jh,Three of a kind,39.89,18928030
81.43,UTG+1,3d 6h,,,0,18928030
81.43,Big Blind,Ks 8h,,,-0.25,18928030
81.18,Small Blind,5c 6s,,,-0.10,18928030
81.08,Dealer,Th As,,,-2.45,18928030
78.63,UTG+2,8s 4h,,,0,18928030
78.63,UTG+1,Jc Kc,Ad Kc Qh Jd Td,Straight,2.17,18928030
80.80,UTG,Tc Jd,,,0.77,18928030
81.57,Big Blind,2c 9c,,,-0.25,18928030
81.32,Small Blind,2h 4c,,,-0.10,18928030
81.22,Dealer,5h Td,,,0,18928030
81.22,UTG+2,6h Ks,,,0,18928030
81.22,UTG+1,Qd 8d,,,0,18928030
81.22,UTG,Ad 7s,,,0,18928030
81.22,Big Blind,5s 9s,,,-0.25,18928030
80.97,Small Blind,7s 4d,,,-0.10,18928030
80.87,Dealer,Ah 2d,,,0,18928030
80.87,UTG+2,5s Td,,,0,18928030
80.87,UTG+1,9h 9d,,,0.35,18928030
81.22,UTG,Th Qd,,,-11.32,18928030
69.90,Big Blind,9s 9c,,,-9.74,18928030
60.16,Small Blind,4c 4h,,,-2.18,18928030
57.98,Dealer,7h 3h,,,0,18928030
57.98,UTG+2,6s 6c,6s 6h 6c 5h 5d,Full House,4.90,18928030
62.88,UTG,As 6d,,,0,18928030
62.88,UTG,5s Qh,,,0,18928030
62.88,Big Blind,6c 3d,,,-0.25,18928030
62.63,Small Blind,Jd 8d,,,-0.25,18928030
62.38,Dealer,4c Jd,,,0,18928030
62.38,UTG+2,Ks 5d,,,0,18928030
62.38,UTG+1,Kh 4c,,,0,18928030
62.38,UTG,2d 5d,,,0,18928030
62.38,Big Blind,Qc 3c,,,-0.25,18928030
62.13,Small Blind,3s 7d,,,-0.10,18928030
62.03,Dealer,3s 7h,,,0,18928030
62.03,UTG+2,Jh 4d,,,0,18928030
62.03,UTG+1,Ts 9s,,,-10.55,18928030
51.48,UTG,7d Jc,,,0,18928030
51.48,Big Blind,3h 3c,,,-0.25,18928030
51.23,Small Blind,9d 7c,,,-0.10,18928030
51.13,Dealer,4c 3h,,,0,18928030
51.13,UTG+2,Qh Ac,,,3.25,18928030
54.38,UTG+1,Ah Ad,,,6.80,18928030
61.18,UTG,Qs 4c,,,0,18928030
61.18,Big Blind,Ad Ah,,,0.95,18928030
62.13,Small Blind,7s 8d,,,-0.10,18928030
62.03,Dealer,Js Qs,,,4.67,18928030
66.70,UTG+1,9s Kh,,,0,18928030
66.70,UTG,5c Th,,,0,18928030
66.70,Big Blind,7c 2c,,,-0.25,18928030
66.45,Small Blind,7h 6d,,,-0.10,18928030
66.35,Dealer,3h 7d,,,0,18928030
66.35,UTG+2,Jc 9d,,,0,18928030
66.35,UTG+1,2d Ks,,,0,18928030
66.35,UTG,3h 8h,,,0,18928030
66.35,Big Blind,Qc 3h,Qc Jh Td 7h 5d,High Card,0.32,18928030
66.67,Small Blind,Jd 4h,,,-0.10,18928030
66.57,Dealer,6s 9s,,,6.40,18928030
72.97,UTG+2,Ad Jd,As Ad 4s 4c Qs,Two pair,13.24,18928030
86.21,UTG+1,5d Jc,,,0,18928030
86.21,UTG,5c 4c,,,0.35,18928030
86.56,Big Blind,Ad Jh,Jh Jd 7s 7d Ad,Two pair,13.60,18928030
100.16,Small Blind,5c Kh,,,-0.10,18928030
100.06,Dealer,3h Ac,,,0.35,18928030
100.41,UTG+1,Qd 9h,,,0,18928030
100.41,UTG,Ad 2h,,,0,18928030
100.41,Big Blind,7c Ks,,,1.34,18928030
101.75,Small Blind,8h 8s,,,-0.10,18928030
101.65,Dealer,7c 3s,,,0,18928030
101.65,UTG+2,3h 9s,,,0,18928030
101.65,UTG+1,As 5c,,,0,18928030
101.65,UTG,Ad 6d,,,-0.25,18928030
101.40,Big Blind,3d 4d,,,1.25,18928030
102.65,Small Blind,2c 6c,,,-0.10,18928030
102.55,Dealer,Jc 5h,,,0,18928030
102.55,UTG+2,5c 2d,,,0,18928030
102.55,UTG+1,Jd Ts,,,0,18928030
102.55,UTG,5h 2s,,,0,
25,Big Blind,5d Kh,,,-0.25,18943577
24.75,Small Blind,4h Kd,,,-0.10,18943577
24.65,Dealer,Ad Ts,,,-2.26,18943577
22.39,UTG+2,5h Ad,,,0,18943577
22.39,UTG+1,Kd Kc,Kd Kc 3s 3h Jd,Two pair,-22.39,18943577
25,Big Blind,3h 8s,,,-0.25,18943577
24.75,Small Blind,7c Kh,,,-0.10,18943577
24.65,Dealer,2s 7s,,,0,18943577
24.65,UTG+1,8d 5h,,,0,18943577
24.65,UTG,6h 2h,,,0,18943577
24.65,Big Blind,Qs 8c,,,-0.25,18943577
24.40,Small Blind,4s 5d,,,-0.10,18943577
24.30,Dealer,2c 4h,,,0,18943577
24.30,UTG+2,5s Qd,,,0,18943577
24.30,UTG+1,4h 6s,,,0,18943577
24.30,Big Blind,As 8h,,,-0.25,18943577
24.05,Small Blind,9s Qc,,,-0.10,18943577
23.95,Dealer,8s Qd,,,0,18943577
23.95,UTG+2,2h Jc,,,0,18943577
23.95,UTG+1,4c Qh,,,0,18943577
23.95,UTG,Tc 7c,7c 6c 5c 4d 3h,Straight,7.80,18943577
31.75,Big Blind,2d 5h,,,0.10,18943577
31.85,Small Blind,Ah 3c,,,-0.10,18943577
31.75,Dealer,Th 6d,,,0,18943577
31.75,UTG+1,2h 9h,,,0,18943577
31.75,UTG,2h 6d,,,0,18943577
31.75,Big Blind,Jd Ad,,,0.75,18943577
32.50,Small Blind,2s 4c,,,-0.10,18943577
32.40,Dealer,7c Ts,,,0,18943577
32.40,UTG+2,Ks Ts,,,-5.08,18943577
27.32,UTG+1,Td 4s,,,0,18943577
27.32,UTG,8c 9s,,,0,18943577
27.32,Big Blind,2c 2s,,,-0.25,18943577
27.07,Small Blind,Js 8h,,,-0.10,18943577
26.97,Dealer,8d 4d,,,0,18943577
26.97,UTG+2,2d Kc,,,0,18943577
26.97,UTG+1,4c 8s,,,0,18943577
26.97,Big Blind,Ks Jd,,,0.10,18943577
27.07,Small Blind,7h Js,,,-0.10,18943577
26.97,Dealer,5s Jc,,,0,18943577
26.97,UTG+1,7h Td,,,0,18943577
26.97,UTG,7c Ac,4s 4c Ac Kd Tc,One pair,1.80,18943577
28.77,UTG,Ah 8c,,,0,18943577
28.77,Big Blind,2h 8d,,,-0.25,18943577
28.52,Small Blind,Ah 5s,,,-0.10,18943577
28.42,Dealer,6h Js,,,0,18943577
28.42,UTG,4d Ah,,,0,18943577
28.42,Big Blind,5h 9s,,,-0.25,18943577
28.17,Small Blind,4h Ah,Ah Ad 9s 9h Kc,Two pair,2.25,18943577
30.42,Dealer,Tc 8s,,,0,18943577
30.42,UTG+1,3d 6s,,,0,18943577
30.42,UTG,As 2d,,,0,18943577
30.42,UTG,6c Ts,,,0,18943577
30.42,Big Blind,5d 2c,,,-0.25,18943577
30.17,Small Blind,3c 6s,,,-0.10,18943577
30.07,Dealer,5h 6d,,,0,18943577
30.07,UTG+2,9s 5c,,,0,18943577
30.07,UTG+1,Jh Th,,,-0.75,18943577
29.32,Big Blind,6d 6c,,,0.10,18943577
29.42,Small Blind,4d 5c,,,-0.10,18943577
29.32,Dealer,9d Js,9d 8c 7s 6c 5c,Straight,5.08,18943577
34.40,UTG+2,5h As,,,1.22,18943577
35.62,UTG+1,2c 3c,,,0,18943577
35.62,UTG,Ac 8h,,,0,18943577
35.62,Big Blind,6h 5s,,,-0.25,18943577
35.37,Small Blind,Js 6c,,,-0.10,18943577
35.27,Dealer,Kh 6s,,,0,18943577
35.27,UTG+1,Th Jh,Kh Kd Jh Th 8s,One pair,-1.50,18943577
33.77,UTG,Ah Ts,,,0.35,18943577
34.12,Big Blind,7s 6h,,,-0.25,18943577
33.87,Small Blind,8h 3d,,,-0.10,18943577
33.77,Dealer,3c Jc,,,0,18943577
33.77,UTG+1,7c 9d,,,0,
25,Big Blind,Jd Qd,,,0.10,18943578
25.10,Small Blind,8h 3d,,,-0.10,18943578
25,Dealer,7d Kh,,,0.35,18943578
25.35,UTG+2,Kc 6c,,,0,18943578
25.35,UTG+1,Ts 9h,,,0,18943578
25.35,UTG,9d 5d,,,0,18943578
25.35,Big Blind,9d 2d,,,-0.25,18943578
25.10,Small Blind,4d 3s,,,-0.10,18943578
25,Dealer,Td Jc,,,0.35,18943578
25.35,UTG+2,3s 5s,,,-0.60,18943578
24.75,UTG+1,Qh Jd,,,0.35,18943578
25.10,UTG,Tc 9c,,,0.77,18943578
25.87,Big Blind,Qd 4c,,,-0.25,18943578
25.62,Small Blind,7d 2d,,,-0.10,18943578
25.52,Dealer,8c Qd,,,0,18943578
25.52,UTG+2,Ts 5h,,,0,18943578
25.52,UTG,5d Kd,,,0,18943578
25.52,Big Blind,3h 3d,,,1.80,18943578
27.32,Small Blind,8s 3d,,,-0.10,18943578
27.22,Dealer,8h 2s,,,0,18943578
27.22,UTG+1,6c 3h,,,0,18943578
27.22,UTG+1,5h 3s,,,0,18943578
27.22,UTG,Qh 6h,,,0,18943578
27.22,Big Blind,6d As,,,0.68,18943578
27.90,Small Blind,Kh Kd,,,0.85,18943578
28.75,Dealer,8d Js,,,0,18943578
28.75,UTG+2,3s 7d,,,0,18943578
28.75,UTG+1,Ts As,As Ks Ts 7s 5s,Flush,3.14,18943578
31.89,UTG,5d 5h,,,0,18943578
31.89,Big Blind,7c Kh,,,-0.25,18943578
31.64,Small Blind,9s Th,8s 8c Th 9s 5h,One pair,-1.82,18943578
29.82,Dealer,Qh Td,,,0.35,18943578
30.17,UTG+1,3h Ks,,,0,18943578
30.17,UTG,Jd 6s,,,0,18943578
30.17,Big Blind,6h 8s,,,0.10,18943578
30.27,Small Blind,6h 2h,,,-0.10,18943578
30.17,Dealer,5d Jd,,,0,18943578
30.17,UTG+1,2s Jh,,,0,18943578
30.17,UTG,Qs Jd,,,-3.25,18943578
26.92,Big Blind,2s Ks,,,-1.26,18943578
25.66,Small Blind,7c Qh,,,-0.10,18943578
25.56,Dealer,3d 6c,,,0,18943578
25.56,UTG+1,5d Kd,,,0,18943578
25.56,UTG,Ts 8s,,,1.80,18943578
27.36,UTG,7h 3h,,,0,18943578
27.36,Big Blind,Qh Jc,,,-0.75,18943578
26.61,Small Blind,5h 6s,,,-0.10,18943578
26.51,Dealer,Qh Qs,,,0.35,18943578
26.86,UTG+1,8d Kc,,,0,18943578
26.86,UTG+1,9d 3s,,,0,18943578
26.86,UTG,2h 3h,,,-0.75,18943578
26.11,Big Blind,2c Qc,,,-0.25,18943578
25.86,Small Blind,5c 7h,,,-0.10,18943578
25.76,Dealer,7s 4h,,,0,18943578
25.76,UTG+2,Td Th,,,0.35,18943578
26.11,UTG+1,4c 4s,,,0,18943578
26.11,UTG,3d 8h,,,0,18943578
26.11,Big Blind,7d 4h,,,-0.25,18943578
25.86,Small Blind,2h 7d,,,-0.10,18943578
25.76,Dealer,3h 3d,,,0,18943578
25.76,UTG+2,7h 4s,,,0,18943578
25.76,UTG+1,8c 5h,,,0,18943578
25.76,UTG,8h 3d,,,0,18943578
25.76,Big Blind,Th 3c,,,-0.25,18943578
25.51,Small Blind,Js 4d,,,-0.10,18943578
25.41,Dealer,2d 8d,,,0,18943578
25.41,UTG+2,2c Js,,,0,18943578
25.41,UTG+1,8d 3d,,,0,18943578
25.41,Big Blind,6c 8c,,,0.10,18943578
25.51,Small Blind,Qd 9d,Qh Qd Kd 9d 6c,One pair,-4.04,18943578
21.47,Dealer,9d Jc,,,-0.75,18943578
20.72,UTG+1,Js Jd,,,0.35,18943578
21.07,UTG,3d Ac,,,0,18943578
21.07,UTG,7c Ah,,,0,18943578
21.07,Big Blind,Kd Ks,Ks Kh Kd 3d 3c,Full House,8.87,18943578
29.94,Small Blind,Tc Qd,,,-0.10,18943578
29.84,Dealer,4s 8d,,,0,18943578
29.84,UTG+2,Qh Qd,,,3.16,
19.62,Big Blind,Jh 5s,,,-1.81
25,Big Blind,7d 7c,,,-1.82,18943580
23.18,Small Blind,6d 6h,,,-0.10,18943580
23.08,Dealer,5d 3d,,,0,18943580
23.08,UTG+2,6s 9h,,,0,18943580
23.08,UTG+1,4s Kc,,,0,
25,Big Blind,Kd 7d,,,-0.25,18943581
24.75,Small Blind,Ac 7s,,,-0.10,18943581
24.65,Dealer,7s 3h,,,0,18943581
24.65,UTG+1,7s Ks,,,0.35,18943581
25,UTG,Qs 2s,,,0,18943581
25,Big Blind,7s Jh,,,-0.25,18943581
24.75,Small Blind,3d 7c,,,-0.10,18943581
24.65,Dealer,2c 3s,,,0,18943581
24.65,UTG,Kc 6c,,,0,18943581
24.65,Big Blind,5s Ah,,,-0.25,18943581
24.40,Small Blind,2s 4c,,,-0.10,18943581
24.30,Dealer,6h 7d,,,0.35,18943581
24.65,UTG,Kh 7c,,,0,18943581
24.65,Big Blind,Ah Qs,,,2.75,18943581
27.40,Small Blind,9s Ac,,,-1.50,18943581
25.90,Dealer,Kd 3s,,,0.89,18943581
26.79,UTG+2,5d Tc,,,0,18943581
26.79,UTG+1,8c Ac,,,0.25,18943581
27.04,UTG,8h 9s,,,0,18943581
27.04,Big Blind,5d 2d,,,-0.25,18943581
26.79,Small Blind,7c 8h,,,-0.10,18943581
26.69,Dealer,9d Th,,,1.49,18943581
28.18,UTG+1,Ad 4d,,,1.42,18943581
29.60,UTG,7c 5c,,,0,18943581
29.60,UTG,8d 8c,,,-1,18943581
28.60,Big Blind,7c 8c,,,-1.49,18943581
27.11,Small Blind,4d 4s,,,-0.10,18943581
27.01,Dealer,3c 5s,,,0,18943581
27.01,UTG+1,Ad 2s,,,0,18943581
27.01,UTG,3s Qd,,,0,18943581
27.01,UTG,3h 2s,,,0,18943581
27.01,Big Blind,Ts 4c,,,-1.98,18943581
25.03,Small Blind,3s Qc,,,-0.10,18943581
24.93,Dealer,Kd 6d,,,0.35,18943581
25.28,UTG+1,5h 7h,,,0,18943581
25.28,UTG,7d Kd,,,0.35,18943581
25.63,UTG,9s 2h,,,0,18943581
25.63,Big Blind,Js 7h,,,-0.25,18943581
25.38,Small Blind,8d Ks,,,-0.10,18943581
25.28,Dealer,5s 7h,,,0,18943581
25.28,UTG+1,9c 2c,,,0,18943581
25.28,UTG,As Td,,,0.35,18943581
25.63,Big Blind,Ks Jh,,,-1.50,18943581
24.13,Small Blind,7c Jh,,,-0.10,18943581
24.03,Dealer,2h 3h,,,1.73,18943581
25.76,UTG+2,2c Kc,,,0.35,18943581
26.11,UTG+1,8h 6s,,,0,18943581
26.11,UTG,Jd 5s,,,0,18943581
26.11,Big Blind,As 3c,,,-0.25,18943581
25.86,Small Blind,Ac Tc,8h 8d Ac Qd Tc,One pair,-12.37,18943581
13.49,Dealer,Kh 7h,,,-1.75,18943581
25,UTG+2,Th 8d,,,0,18943581
25,UTG+1,2h 4s,,,0,18943581
25,UTG,Qd 8h,,,0,18943581
25,Big Blind,9s Ah,,,1.32,18943581
26.32,Small Blind,Qs 9h,,,-0.10,18943581
26.22,Dealer,3c 8c,,,0,18943581
26.22,UTG,7d 7c,,,0.92,18943581
27.14,Big Blind,2c Qs,,,-0.25,18943581
26.89,Small Blind,2h 8s,,,-0.10,18943581
26.79,Dealer,Qs Ts,,,0.77,18943581
27.56,UTG+1,6s 3d,,,0,18943581
27.56,Big Blind,Kc Jd,Ks Kc Jd Tc 9c,One pair,2.40,18943581
29.96,Small Blind,Kc 8c,,,-0.10,18943581
29.86,Dealer,3h 5s,,,0,18943581
29.86,UTG+1,8d Qc,,,0,18943581
29.86,UTG,4s Jh,,,0,18943581
29.86,UTG,Jh Ah,,,-0.88,18943581
28.98,Big Blind,Js 3c,,,-0.25,18943581
28.73,Small Blind,Qs 7d,,,-0.10,18943581
28.63,Dealer,Js 9d,,,-1.29,18943581
27.34,UTG+2,Ac As,,,1.80,18943581
29.14,UTG+1,2s 2h,,,0,18943581
29.14,UTG,9c 8s,,,0,18943581
29.14,Big Blind,3c 4h,,,-0.25,18943581
28.89,Small Blind,7c 6c,Qs Qh 7s 7c Td,Two pair,1.92,18943581
30.81,Dealer,Ks 7c,7c 6h 5s 4d 3c,Straight,1.81,18943581
32.62,UTG+2,Ks 9c,,,-2.76,18943581
29.86,UTG+1,7s Kh,,,0,18943581
29.86,UTG,4h Ah,,,-0.88,18943581
28.98,Big Blind,4c 2d,,,-0.25,18943581
28.73,Small Blind,6c 5d,,,-0.10,18943581
28.63,Dealer,5s Qd,,,0,18943581
28.63,UTG+1,2s Tc,,,0,18943581
28.63,UTG,2s 4d,,,0,18943581
28.63,Big Blind,7h 2s,,,-0.25,18943581
28.38,Small Blind,Js 3c,,,-0.10,18943581
28.28,Dealer,6c 2h,,,0,18943581
28.28,UTG+1,3c Td,,,0,18943581
28.28,UTG,5d Ks,,,0,18943581
28.28,Big Blind,Th 6c,,,-0.25,18943581
28.03,Small Blind,Kd As,,,0.25,18943581
28.28,Dealer,7c Jd,,,0,18943581
28.28,UTG+2,2c 5h,,,0,18943581
28.28,UTG+1,Th 8d,,,0,18943581
28.28,UTG,9d 5c,,,0,18943581
28.28,Big Blind,5c Qh,,,0.10,18943581
28.38,Small Blind,Tc 3h,,,-0.10,18943581
28.28,Dealer,5h Qc,,,1.33,18943581
29.61,UTG+2,7d Ad,,,0.95,18943581
30.56,UTG+1,7h Th,,,0.35,18943581
30.91,UTG,4c Jd,,,0,18943581
30.91,Big Blind,2h 7c,,,-0.25,18943581
30.66,Small Blind,As Qd,,,1.14,18943581
31.80,Dealer,4c 9s,,,0,18943581
31.80,UTG+2,7d Ac,,,0.35,18943581
32.15,UTG+1,Ad 3d,,,0.35,18943581
32.50,UTG,7c Td,,,0,18943581
32.50,Big Blind,Jd Jc,,,2.12,18943581
34.62,Small Blind,Tc 5c,,,-0.10,18943581
34.52,Dealer,4s Ad,,,0.35,18943581
34.87,UTG+2,Qh Jc,Jd Jc 3h 3c Qh,Two pair,4.39,18943581
39.26,UTG+1,As 8h,,,-0.75,18943581
38.51,UTG,Ah 9d,,,-0.75,18943581
37.76,Big Blind,Qs 5h,,,-0.25,18943581
37.51,Small Blind,6d Ac,,,-0.10,18943581
37.41,Dealer,Jd 3c,,,0,18943581
37.41,UTG+2,8h Ac,,,-0.63,18943581
36.78,UTG+1,6d Ac,,,0,18943581
36.78,UTG,Tc Qs,,,0,18943581
36.78,Big Blind,5s Kh,,,-0.25,18943581
36.53,Small Blind,5d 7c,,,-0.10,18943581
36.43,Dealer,7h Ts,,,0,18943581
36.43,UTG+2,9h 5d,,,0,18943581
36.43,UTG+1,7c 8c,,,1.01,18943581
37.44,UTG,Qc Qh,,,1.00,18943581
38.44,Big Blind,Qs Ac,Qs Qh Ac Jd 5d,One pair,20.76,18943581
59.20,Small Blind,Js 2d,,,-0.10,18943581
59.10,Dealer,Th 2s,,,0,18943581
59.10,UTG+1,Kc 2d,,,0,18943581
59.10,UTG,6c 3s,,,0,18943581
59.10,Big Blind,7h 6h,Th 7h 6h 4h 3h,Flush,14.50,18943581
73.60,Small Blind,Kd Qh,,,0.25,18943581
73.85,Dealer,Ac 2c,,,0.35,18943581
74.20,UTG,As 6c,,,0,18943581
74.20,Big Blind,8d 5s,,,-0.25,18943581
73.95,Small Blind,6h Ad,,,-0.10,18943581
73.85,Dealer,Tc 7h,,,-0.60,18943581
73.25,UTG,8h Tc,,,0,18943581
73.25,Big Blind,9s Jc,Qh Qc Js Jc Ac,Two pair,1.05,18943581
74.30,Small Blind,4h 6d,,,-0.10,18943581
74.20,Dealer,Kh As,,,2.32,18943581
76.52,UTG+2,3c 7h,,,0,18943581
76.52,UTG+1,4c 3d,,,0,18943581
76.52,UTG,7s Ad,,,0,18943581
76.52,Big Blind,Tc 8h,,,0.10,18943581
76.62,Small Blind,3d Tc,,,-0.10,18943581
76.52,Dealer,As 8h,,,2.02,18943581
78.54,UTG+1,6s 4d,,,0,18943581
78.54,UTG,9s Ah,,,4.36,18943581
82.90,Big Blind,5d 3c,,,-0.25,18943581
82.65,Small Blind,Jd Jh,,,0.25,18943581
82.90,Dealer,5h 7c,,,0,18943581
82.90,UTG+2,6d 6h,,,1.21,18943581
84.11,UTG+1,3c 3h,,,0,18943581
84.11,UTG,Ks Ad,,,2.60,18943581
86.71,Big Blind,5s 6d,,,-0.25,
25,Big Blind,2c 6c,,,-0.25,18943582
24.75,Small Blind,Ad Ts,,,3.14,18943582
27.89,Dealer,3h 5h,,,0,18943582
27.89,UTG+1,Qd Qs,,,-9.00,18943582
18.89,UTG,8c Ac,Ah Ac Td 9c 8c,One pair,3.68,18943582
22.57,Big Blind,Ah 4s,,,-0.25,18943582
22.32,Small Blind,4s 4d,,,-0.10,18943582
22.22,Dealer,7c 5c,,,0.92,18943582
23.14,UTG,As 9c,As Ad Qs 9c 8c,One pair,8.06,18943582
31.20,Big Blind,Ts 3c,,,0.10,18943582
31.30,Small Blind,9h 2c,,,-0.10,18943582
31.20,Dealer,5c 6h,,,1.23,18943582
32.43,UTG+2,3h 8c,,,0,18943582
32.43,UTG+1,7h 2h,,,0,18943582
32.43,UTG,2c 7h,,,0,18943582
32.43,Big Blind,Ts 2d,,,-0.25,18943582
32.18,Small Blind,Jh 7s,,,-0.10,18943582
32.08,Dealer,Tc 2d,,,0,18943582
32.08,UTG+2,8d Ad,Ad Kd 8d 7h 6h,High Card,-22.60,18943582
9.48,UTG+1,4d 9c,,,0,18943582
9.48,Big Blind,7c 8d,,,-0.25,18943582
24.75,Small Blind,7s 8h,,,-0.25,18943582
24.50,Dealer,Th 9h,,,0.60,18943582
25.10,UTG+2,3c Th,,,0,18943582
25.10,UTG+1,Th 8c,,,0,18943582
25.10,UTG,Jc 2d,,,0,18943582
25.10,Big Blind,8c Qh,,,-0.25,18943582
24.85,Small Blind,5c Jc,,,-0.10,18943582
24.75,Dealer,Ks 7d,Jh Jd 7d 7c Ac,Two pair,2.55,18943582
27.30,UTG+1,Qs 9d,,,0,18943582
27.30,UTG,3s Ks,,,0,18943582
27.30,UTG,2c Ac,,,-0.75,18943582
26.55,Big Blind,7c 6d,,,-0.25,18943582
26.30,Small Blind,Jh 6d,,,-0.10,18943582
26.20,Dealer,Ah 9d,,,-3.75,18943582
22.45,UTG+2,7h 4s,,,0,18943582
22.45,UTG+1,8s Jh,,,0,18943582
22.45,UTG,7h 7c,As Ah 7h 7c 5d,Two pair,0.89,18943582
23.34,Big Blind,Kh Ks,,,0.10,18943582
23.44,Small Blind,6d Jd,,,0.23,18943582
23.67,Dealer,Ad 5s,As Ad 5s 5h Kd,Two pair,1.53,18943582
25.20,UTG+1,4c Ts,,,0,18943582
25.20,UTG,8s Kc,,,0,
25,Big Blind,7s 4d,,,-0.25,18943583
24.75,Small Blind,5h Jd,,,-0.10,18943583
24.65,Dealer,Ac 5h,Ks Kd Jd Jc Ac,Two pair,2.83,18943583
27.48,UTG+2,3d Kc,,,0,18943583
27.48,UTG+1,2c As,,,0,18943583
27.48,UTG,Jh 5h,,,0,18943583
27.48,Big Blind,Qc Tc,Th Td Tc Qc 9s,Three of a kind,-7.75,18943583
19.73,Small Blind,6h 7c,,,-0.10,18943583
19.63,Dealer,Jd Ad,As Ad Js Jd 8c,Two pair,14.05,18943583
33.68,UTG+1,9d Ad,,,0.35,18943583
34.03,UTG+1,Ks 4c,,,0,18943583
34.03,UTG,8h 4c,,,0,18943583
34.03,Big Blind,Qh 4h,,,-0.25,18943583
33.78,Small Blind,5h Js,,,-0.10,18943583
33.68,Dealer,9c 6c,,,-1.38,18943583
32.30,UTG+2,3s 7s,,,0,18943583
32.30,UTG+1,6c 5h,,,0,18943583
32.30,UTG,4s 2d,,,0,18943583
32.30,Big Blind,5d Jc,,,-0.25,18943583
32.05,Small Blind,5d Jd,,,-0.10,
25,Small Blind,9h 4h,,,-0.10,18943584
24.90,Dealer,2s 5s,,,0,18943584
24.90,UTG,Td Qs,Qs Qd Td 8s 7d,One pair,6.10,18943584
31,UTG,3h Kh,,,0,18943584
31,Big Blind,Jh 6h,Js Jh As Kh Td,One pair,0.23,18943584
31.23,Small Blind,8c 2s,,,-0.10,18943584
31.13,Dealer,2c Jc,,,0,18943584
31.13,UTG+1,Kh Th,,,0.35,18943584
31.48,UTG,Js 5d,,,0,18943584
31.48,UTG,9h Tc,,,-0.88,18943584
30.60,Big Blind,3c Js,,,-0.25,18943584
30.35,Small Blind,2h Qh,,,-0.10,18943584
30.25,Dealer,Qs 2h,,,0,18943584
30.25,UTG+1,Ks 2h,,,0,18943584
30.25,UTG,Ac Ah,,,1.13,18943584
31.38,Big Blind,8h 4h,,,-0.25,18943584
31.13,Small Blind,5h Qd,,,-0.10,18943584
31.03,Dealer,9h Kh,,,2.41,18943584
33.44,UTG+1,As 7s,,,0.35,18943584
33.79,UTG,Ts 9h,,,-0.75,18943584
33.04,Big Blind,3c Ks,,,-2.22,18943584
30.82,Small Blind,7d 7c,,,0.92,18943584
31.74,Dealer,Tc 8s,,,0,18943584
31.74,UTG+2,3s Th,,,0,18943584
31.74,UTG+1,Ks 7h,,,0,18943584
31.74,UTG,4d 8c,,,0,18943584
31.74,Big Blind,Ah 6d,,,-0.68,18943584
31.06,Small Blind,7h Ts,,,-0.10,18943584
30.96,Dealer,Ks Jh,,,0.35,18943584
31.31,UTG+1,Jd 6h,,,0,18943584
31.31,UTG,7h 2d,,,0,18943584
31.31,Big Blind,9c Ac,,,0.10,18943584
31.41,Small Blind,Qh Jc,,,-16.00,18943584
15.41,Dealer,5s Ks,,,2.26,18943584
17.67,UTG+2,Jc Ks,,,0.90,18943584
18.57,UTG+1,7h Jc,,,0,18943584
18.57,UTG,Qd 7d,,,0,18943584
18.57,Big Blind,Kc Ks,,,0.10,18943584
18.67,Small Blind,Jc Ac,,,3.67,18943584
22.34,Dealer,2d 3s,,,0,18943584
22.34,UTG+1,9h 4h,,,0,18943584
22.34,Big Blind,Qs 5s,,,-0.25,18943584
22.09,Small Blind,Qs Qd,Qs Qd Qc Ac Ts,Three of a kind,-15.58,18943584
6.51,Dealer,Tc 4d,,,0,
25,Big Blind,2s Qd,,,-0.25,18943585
24.75,Small Blind,4c 5s,,,-0.10,18943585
24.65,Dealer,9c Ts,,,0.35,18943585
25,UTG+2,5s 8s,,,-0.50,18943585
24.50,UTG+1,2s 7s,,,0,18943585
24.50,UTG,3h As,,,0,18943585
24.50,Big Blind,Qc 7s,,,-0.25,18943585
24.25,Small Blind,3d 5c,,,-0.10,18943585
24.15,Dealer,8d Qh,,,-0.50,18943585
23.65,UTG+2,3s 8s,,,0,18943585
23.65,UTG+1,5d 5c,5s 5d 5c Qd Js,Three of a kind,22.78,18943585
46.43,UTG,6d Jd,,,0,18943585
46.43,Big Blind,2d 4d,,,-0.25,18943585
46.18,Small Blind,4s 4c,6s 6h 4s 4c Qs,Two pair,3.53,18943585
49.71,Dealer,9s Jc,,,0.35,18943585
50.06,UTG+1,Jd Ts,Ts Tc Qd Jd 7h,One pair,5.27,18943585
55.33,UTG+1,4c Qc,,,0,18943585
55.33,UTG,9h Ac,Td 9h 8c 7h 6c,Straight,7.78,18943585
63.11,Big Blind,Qh 6s,,,-0.25,18943585
62.86,Small Blind,8d Jd,,,-0.10,18943585
62.76,Dealer,5c 5h,,,-0.88,18943585
61.88,UTG+2,Kd 8d,,,-0.50,18943585
61.38,UTG+1,8s 8h,,,-1,18943585
60.38,UTG,Ah 6c,,,0,18943585
60.38,Big Blind,3s Qh,,,-0.25,18943585
60.13,Small Blind,Tc 7c,,,-0.10,18943585
60.03,Dealer,2d Ks,,,0,18943585
60.03,UTG+1,6s 3c,,,0,18943585
60.03,UTG+1,Th Qh,Qh Qc Jh Th 8c,One pair,5.06,18943585
65.09,UTG,9d 7s,,,0,
25,Big Blind,2h 3h,6d 5s 4c 3h 2h,Straight,0.95,18943586
25.95,Small Blind,9h 3s,,,-0.10,18943586
25.85,Dealer,6s Js,,,1.85,18943586
27.70,UTG+1,8c Js,,,0,18943586
27.70,UTG+1,Ts 2d,,,0,18943586
27.70,UTG,9d Qd,,,-0.75,18943586
26.95,Big Blind,2s Kd,,,-0.25,18943586
26.70,Small Blind,Ad 9c,,,-0.10,18943586
26.60,Dealer,7d 7s,,,-0.75,18943586
25.85,UTG+2,Ad Jh,Ah Ad Kh Jh 9h,One pair,-3.76,18943586
22.09,UTG+1,6c 9s,,,0,18943586
22.09,UTG,Qc 3d,,,0,18943586
22.09,Big Blind,6s 2h,,,-0.25,18943586
21.84,Small Blind,Js 3s,,,-0.10,18943586
21.74,Dealer,Kc 4c,,,-1.63,18943586
20.11,UTG+2,6s 8h,,,0,18943586
20.11,UTG+1,As 6d,,,0,18943586
20.11,UTG,5c Js,,,0,18943586
20.11,Big Blind,Jc Td,,,1.02,18943586
21.13,Small Blind,Kd 6c,,,-0.10,18943586
21.03,Dealer,Qh 7h,,,-0.62,18943586
20.41,UTG+2,2h 9s,,,0,18943586
20.41,UTG+1,5c Ad,,,-0.88,18943586
19.53,Big Blind,6h 7s,,,-0.79,18943586
18.74,Small Blind,8h As,,,-0.10,18943586
18.64,Dealer,Qc Qd,Qh Qd Qc 8h 8d,Full House,3.46,18943586
22.10,UTG,9h 6h,,,0.89,18943586
22.99,Big Blind,5h 6d,,,-0.25,18943586
22.74,Small Blind,5d 5h,,,0.25,18943586
22.99,Dealer,2h 6d,,,0,18943586
22.99,UTG+1,6c 3c,,,0,18943586
22.99,UTG+1,7h 7s,,,0.35,18943586
23.34,UTG,Td Qh,,,0.35,18943586
23.69,Big Blind,2c 3s,,,-0.25,18943586
23.44,Small Blind,2d Jh,,,-0.10,18943586
23.34,Dealer,9d 6h,,,0,18943586
23.34,UTG+2,5h 3d,,,0,18943586
23.34,UTG+1,Kc 9s,,,-0.75,18943586
22.59,UTG,Qc 9d,,,0,18943586
22.59,Big Blind,3h Jc,,,0.10,18943586
22.69,Small Blind,Js 7d,,,-0.10,18943586
22.59,Dealer,Kd Qh,,,0.35,18943586
22.94,UTG+2,6d 2s,,,0,18943586
22.94,UTG+1,Ks 8d,,,0.35,18943586
23.29,UTG,6c 9d,,,0,18943586
23.29,Big Blind,7d Ac,,,0.10,18943586
23.39,Small Blind,5c Kc,,,0.25,18943586
23.64,Dealer,3h Ks,,,-0.75,18943586
22.89,UTG+2,4s 3d,,,0,18943586
22.89,UTG,6h Jc,,,0,18943586
22.89,Big Blind,9s 4h,,,-0.25,18943586
22.64,Small Blind,6c 2s,,,-0.10,18943586
22.54,Dealer,7h 6h,3h 3c Qd Td 7h,One pair,-3.96,18943586
18.58,UTG+1,8h Js,,,0,18943586
18.58,UTG+1,Tc 7s,,,0,18943586
18.58,UTG,Ks 8d,,,0,18943586
18.58,Big Blind,Ah Kh,,,1.54,18943586
20.12,Small Blind,9d 9c,,,0.68,18943586
20.80,Dealer,Qs Td,,,10.60,18943586
31.40,UTG+2,2s 9h,,,0,18943586
31.40,UTG+1,7c 2s,,,0,18943586
31.40,UTG,9h Jc,,,0,18943586
31.40,Big Blind,3c 8s,,,0.10,18943586
31.50,Small Blind,Jc 6c,,,-0.10,18943586
31.40,Dealer,Ks Qs,Qs Qh Qd Qc Ks,Four of a kind,12.69,18943586
44.09,UTG+2,6d 8s,,,0,18943586
44.09,Big Blind,Qs 7h,,,0.10,18943586
44.19,Small Blind,8h 6s,,,-0.10,18943586
44.09,Dealer,7h 8d,,,-0.88,18943586
43.21,UTG,2h Jc,,,0,18943586
43.21,UTG,6h 6d,,,0.35,18943586
43.56,UTG,5s Qd,,,0,18943586
43.56,Big Blind,8d Qd,,,0.10,18943586
43.66,Small Blind,Th 2c,,,-0.10,18943586
43.56,Dealer,Qs 6c,,,0,18943586
43.56,UTG+1,8h 5d,,,0,18943586
43.56,UTG,6c Tc,,,0,18943586
43.56,Big Blind,Th 6s,,,-0.25,18943586
43.31,Small Blind,5h 3d,,,-0.10,18943586
43.21,Big Blind,4d 8d,,,0.10,18943586
43.31,Small Blind,Qs 4c,,,-0.10,18943586
43.21,Dealer,2c 3c,,,-0.25,18943586
42.96,UTG,5s Kd,,,0,18943586
42.96,Big Blind,6h 8h,,,-0.63,18943586
42.33,Small Blind,Ac 5h,,,-0.10,18943586
42.23,Dealer,5d 7d,,,0,18943586
42.23,UTG,2d 8s,,,0,18943586
42.23,Big Blind,Jh 9d,,,0.10,18943586
42.33,Small Blind,8c 3s,,,-0.10,
25,Big Blind,8s Ah,,,-1.00,18950709
24,Small Blind,4d 2d,,,-0.10,18950709
23.90,Dealer,7h 2d,,,0,18950709
23.90,UTG+1,5s 5c,,,0.35,18950709
24.25,UTG,5d 7s,,,0,18950709
24.25,Big Blind,2d Jh,,,-0.25,18950709
24,Small Blind,8d Ts,,,-0.10,18950709
23.90,Dealer,6s 4c,,,0,18950709
23.90,UTG,7s 6s,,,5.12,18950709
29.02,Big Blind,Th 8s,,,-0.25,18950709
28.77,Small Blind,Jd 5h,,,-0.10,18950709
28.67,Dealer,6s 2s,,,0,18950709
28.67,UTG+2,Qd 3c,,,0,18950709
28.67,UTG+1,Ah 3d,,,0,18950709
28.67,UTG,Tc 2d,,,0,18950709
28.67,Big Blind,9s 3d,,,-0.25,18950709
28.42,Small Blind,Ac Jd,Ac Kd Qs Jd 6s,High Card,-20.53,18950709
7.89,Dealer,Ad 7s,,,-0.88,18950709
24.12,UTG+2,Kh Jd,,,0.85,18950709
24.97,UTG+1,2c 7c,,,0,18950709
24.97,UTG,3h Qs,,,0,18950709
24.97,Big Blind,8h Jh,,,-0.25,18950709
24.72,Small Blind,As 2s,,,-6.62,18950709
18.10,Dealer,Jd 2c,,,0,18950709
18.10,UTG+1,Kh 9d,,,0.25,18950709
18.35,UTG,Jh Ad,,,0.35,18950709
18.70,Big Blind,Qs 2s,,,3.40,18950709
22.10,Small Blind,Th Ad,,,-2.25,18950709
19.85,Dealer,5h Jh,,,0,18950709
19.85,UTG+2,8d Kc,,,0,18950709
19.85,UTG+1,7h Jc,,,0,18950709
19.85,UTG,Kh 2c,,,0,18950709
19.85,Big Blind,8s 4h,,,-0.90,18950709
18.95,Small Blind,6d 7d,,,2.01,18950709
20.96,Dealer,6s Qd,,,0,18950709
20.96,UTG+2,9d 3d,,,0,18950709
20.96,UTG+1,4d 3s,,,0,18950709
20.96,UTG,4d Ah,,,0,18950709
20.96,Big Blind,8s Ac,Ad Ac 8s 8c Td,Two pair,2.42,18950709
23.38,Small Blind,7s 8s,,,1.27,18950709
24.65,Dealer,9s 3h,,,0,18950709
24.65,UTG+2,5d Tc,,,0,18950709
24.65,UTG+1,7d 5d,,,0,18950709
24.65,UTG,4h Td,,,0,18950709
24.65,Big Blind,8c Tc,Ts Tc 8h 8c Ac,Two pair,9.68,18950709
34.33,Small Blind,5d 7c,,,-0.10,18950709
34.23,Dealer,Kh 5c,,,0,18950709
34.23,UTG+1,6s 5c,,,0,18950709
34.23,UTG,6c Kc,,,0,18950709
34.23,UTG,7c 2d,,,0,
25,Big Blind,3c As,,,0.10,18950710
25.10,Small Blind,Qc 6d,,,-0.10,18950710
25,Dealer,Jh 3h,,,0,18950710
25,UTG+1,7h 4c,,,0,18950710
25,UTG,Jd 4s,,,0,18950710
25,Big Blind,Js Ts,Ks Kd Js Ts 9d,One pair,-1.06,18950710
23.94,Small Blind,Ac 2c,,,-0.88,18950710
23.06,Dealer,Ah 5c,,,-0.88,18950710
22.18,UTG+1,2d 3c,,,0,18950710
22.18,UTG,3c 3h,,,0,18950710
22.18,Big Blind,4d Jd,,,-0.25,18950710
21.93,Small Blind,8d 8s,,,-1.11,18950710
20.82,Dealer,3h Jc,,,0,18950710
20.82,UTG+2,Ad 4d,,,0.35,18950710
21.17,UTG+1,3d 3h,,,0,18950710
21.17,UTG,Qd 8s,,,0,18950710
21.17,Big Blind,5h 9c,,,-0.25,18950710
20.92,Small Blind,3s 9c,,,-0.10,18950710
20.82,UTG+2,5d 2h,,,0,18950710
20.82,UTG+1,Kh 4h,,,0.55,18950710
21.37,UTG,8c Th,,,0,18950710
21.37,Big Blind,Ts 8h,,,-0.25,18950710
21.12,Big Blind,9c 3c,,,-0.25,18950710
20.87,Big Blind,8h Qd,,,-0.25,18950710
20.62,Small Blind,6c 4c,,,-0.10,18950710
20.52,Dealer,7h Jc,,,0,18950710
20.52,UTG+1,2c Ks,,,0,18950710
20.52,UTG,8h 3s,,,0,18950710
20.52,UTG,2s 6c,,,0,18950710
20.52,Big Blind,Th 3h,,,-0.25,18950710
20.27,Small Blind,3c 9h,,,-0.10,18950710
20.17,Dealer,Tc Qh,,,0.25,18950710
20.42,UTG,2s Jh,,,0,18950710
20.42,Big Blind,Tc 5c,,,0.10,18950710
20.52,Small Blind,6d 4d,,,-0.10,18950710
20.42,Dealer,6c 3h,,,0,18950710
20.42,Big Blind,Ad 4c,,,0.10,
25,Big Blind,9h Ts,,,-1.10,18950711
23.90,Small Blind,9c As,,,-0.10,18950711
23.80,Dealer,6h 7d,,,0,18950711
23.80,UTG+2,Jh 2h,,,0,18950711
23.80,UTG+1,Qs 8c,,,0,18950711
23.80,UTG,4c Ac,,,-0.50,18950711
23.30,Big Blind,4s Ts,,,-0.25,18950711
23.05,Small Blind,7d 6c,,,-0.10,18950711
22.95,Dealer,6h 7c,,,0,18950711
22.95,UTG+1,6d Kd,,,-0.75,18950711
22.20,UTG,Ah 3c,,,0,18950711
22.20,UTG,9c 5d,,,0,18950711
22.20,Big Blind,2c 2d,,,-0.25,18950711
21.95,Small Blind,Kh Kd,,,1.38,18950711
23.33,Dealer,Jc 5d,,,0,18950711
23.33,UTG+1,Ad 5d,,,0.35,18950711
23.68,UTG,5s Qc,,,0,18950711
23.68,Big Blind,3d Ad,Ad Js Ts 9h 5d,High Card,-23.68,18950711
25,Big Blind,9c Ad,,,0.64,18950711
25.64,Small Blind,8c 2d,,,-0.10,18950711
25.54,Dealer,Qd Ts,,,0.35,18950711
25.89,UTG+2,5s 6d,,,-0.63,18950711
25.26,UTG+1,Kh 7c,,,0,18950711
25.26,UTG,Kc 7c,,,0.35,18950711
25.61,Big Blind,8h 9s,,,-0.25,18950711
25.36,Small Blind,9h 3h,,,-0.10,18950711
25.26,Dealer,7h Kh,,,-4.34,18950711
20.92,UTG+2,3c 4h,,,0,18950711
20.92,UTG+1,Ts 4c,,,0,18950711
20.92,UTG,Qs Jc,,,0.89,18950711
21.81,Big Blind,2d 7d,,,-0.25,18950711
21.56,Small Blind,Qd 8c,,,-0.10,18950711
21.46,Dealer,7h 6s,,,-4.69,18950711
16.77,UTG+2,6c 8c,,,3.25,18950711
20.02,UTG+1,Td 9c,,,0.35,18950711
20.37,UTG,8c 5s,,,0,18950711
20.37,Big Blind,7h 3c,,,-0.25,18950711
20.12,Small Blind,Qc 6c,,,-0.10,18950711
20.02,Dealer,9d 7d,,,-2.51,18950711
17.51,UTG+2,9c Tc,,,3.48,18950711
20.99,UTG+1,Kd 7s,,,0,18950711
20.99,UTG,3d 8c,,,0,18950711
20.99,Big Blind,Tc 3h,,,-0.25,18950711
20.74,Small Blind,Qh 2c,,,-0.10,18950711
20.64,Dealer,Th 5s,,,0,18950711
20.64,UTG+2,Ad Jd,,,0.98,18950711
21.62,UTG+1,6h Td,,,0,18950711
21.62,UTG,Ac 7d,,,-0.88,18950711
20.74,Big Blind,Qh Qd,,,0.10,18950711
20.84,Small Blind,3d 5s,,,-0.10,18950711
20.74,Dealer,Js 7h,,,0,18950711
20.74,UTG+2,4c 2d,,,0,18950711
20.74,UTG+1,6s 9c,,,0,18950711
20.74,UTG,Qd Qc,Qs Qh Qd Qc 9s,Four of a kind,19.09,18950711
39.83,Big Blind,Tc Js,Ah Ac Qs Js Tc,One pair,-0.50,18950711
39.33,Small Blind,4s Ah,,,-0.10,18950711
39.23,Dealer,Kh Tc,,,0.35,18950711
39.58,UTG+1,Ad Qd,,,0.35,18950711
39.93,UTG,7c 9d,,,0,18950711
39.93,Big Blind,8h As,,,-0.75,18950711
39.18,Small Blind,2d 5d,,,-0.10,18950711
39.08,Dealer,As 4d,,,-0.88,18950711
38.20,UTG+1,Qd 3s,,,0,18950711
38.20,UTG,6c Kd,,,0,18950711
38.20,Big Blind,5h 6h,,,-0.25,18950711
37.95,Small Blind,2h 5d,,,-0.10,18950711
37.85,Dealer,Th Ad,,,1.46,18950711
39.31,UTG+2,4s 5c,,,0,18950711
39.31,UTG+1,2h Qc,,,0,18950711
39.31,UTG,5h 2s,,,0,18950711
39.31,Big Blind,Ad Ks,Ad Ks Qd 9s 7c,High Card,-13.56,18950711
25.75,Small Blind,Qs 5d,,,-0.10,18950711
25.65,Dealer,7c 3c,,,0,18950711
25.65,UTG+2,3h 5c,,,0,18950711
25.65,UTG+1,8c Td,,,0,18950711
25.65,UTG,8h 6c,,,0,18950711
25.65,Big Blind,2h Jc,,,-0.25,18950711
25.40,Small Blind,Ts Qs,Ts Tc Qs Jc 6d,One pair,-2.43,18950711
22.97,Dealer,Ad 9c,Ad Ac Kh 9c 6s,One pair,2.76,18950711
25.73,UTG+1,2c Qh,,,0,18950711
25.73,UTG,9h Ad,,,0,18950711
25.73,Big Blind,Jc Qh,Ac Qh Jc Tc 8d,High Card,0.01,18950711
25.74,Small Blind,7s 6s,,,1.42,18950711
27.16,Dealer,7c 2s,,,0,18950711
27.16,UTG+2,7d Qc,,,0,18950711
27.16,UTG+1,9s Qd,,,0,
